[
{"id":1001,"next_id":1002,"type":1,"stype":1,"name":"点击资源","desc":"通过点击获得资源100次","value":100,"point":1,"award":[{"prop":101,"num":2}]},
{"id":1002,"next_id":1003,"type":1,"stype":1,"name":"点击资源","desc":"通过点击获得资源500次","value":500,"point":3,"award":[{"prop":101,"num":4}]},
{"id":1003,"next_id":1004,"type":1,"stype":1,"name":"点击资源","desc":"通过点击获得资源2000次","value":2000,"point":5,"award":[{"prop":101,"num":6}]},
{"id":1004,"next_id":1005,"type":1,"stype":1,"name":"点击资源","desc":"通过点击获得资源5000次","value":5000,"point":10,"award":[{"prop":101,"num":8}]},
{"id":1005,"next_id":1006,"type":1,"stype":1,"name":"点击资源","desc":"通过点击获得资源10000次","value":10000,"point":15,"award":[{"prop":101,"num":10}]},
{"id":1006,"next_id":1007,"type":1,"stype":1,"name":"点击资源","desc":"通过点击获得资源20000次","value":20000,"point":20,"award":[{"prop":101,"num":12}]},
{"id":1007,"next_id":1008,"type":1,"stype":1,"name":"点击资源","desc":"通过点击获得资源40000次","value":40000,"point":25,"award":[{"prop":101,"num":14}]},
{"id":1008,"next_id":1009,"type":1,"stype":1,"name":"点击资源","desc":"通过点击获得资源60000次","value":60000,"point":30,"award":[{"prop":101,"num":16}]},
{"id":1009,"next_id":1010,"type":1,"stype":1,"name":"点击资源","desc":"通过点击获得资源80000次","value":80000,"point":35,"award":[{"prop":101,"num":18}]},
{"id":1010,"next_id":0,"type":1,"stype":1,"name":"点击资源","desc":"通过点击获得资源100000次","value":100000,"point":40,"award":[{"prop":101,"num":20}]},
{"id":1101,"next_id":1102,"type":1,"stype":2,"name":"招募士兵","desc":"累计招募士兵100","value":100,"point":1,"award":[{"prop":101,"num":2}]},
{"id":1102,"next_id":1103,"type":1,"stype":2,"name":"招募士兵","desc":"累计招募士兵1000","value":1000,"point":3,"award":[{"prop":101,"num":4}]},
{"id":1103,"next_id":1104,"type":1,"stype":2,"name":"招募士兵","desc":"累计招募士兵10000","value":10000,"point":5,"award":[{"prop":101,"num":6}]},
{"id":1104,"next_id":1105,"type":1,"stype":2,"name":"招募士兵","desc":"累计招募士兵50000","value":50000,"point":10,"award":[{"prop":101,"num":8}]},
{"id":1105,"next_id":1106,"type":1,"stype":2,"name":"招募士兵","desc":"累计招募士兵100000","value":100000,"point":15,"award":[{"prop":101,"num":10}]},
{"id":1106,"next_id":1107,"type":1,"stype":2,"name":"招募士兵","desc":"累计招募士兵200000","value":200000,"point":20,"award":[{"prop":101,"num":12}]},
{"id":1107,"next_id":1108,"type":1,"stype":2,"name":"招募士兵","desc":"累计招募士兵500000","value":500000,"point":25,"award":[{"prop":101,"num":14}]},
{"id":1108,"next_id":1109,"type":1,"stype":2,"name":"招募士兵","desc":"累计招募士兵1000000","value":1000000,"point":30,"award":[{"prop":101,"num":16}]},
{"id":1109,"next_id":1110,"type":1,"stype":2,"name":"招募士兵","desc":"累计招募士兵2000000","value":2000000,"point":35,"award":[{"prop":101,"num":18}]},
{"id":1110,"next_id":0,"type":1,"stype":2,"name":"招募士兵","desc":"累计招募士兵5000000","value":5000000,"point":40,"award":[{"prop":101,"num":20}]},
{"id":1201,"next_id":1202,"type":1,"stype":3,"name":"杀敌数量","desc":"一场战斗杀死20个敌方士兵","value":20,"point":1,"award":[{"prop":101,"num":2}]},
{"id":1202,"next_id":1203,"type":1,"stype":3,"name":"杀敌数量","desc":"一场战斗杀死100个敌方士兵","value":100,"point":3,"award":[{"prop":101,"num":4}]},
{"id":1203,"next_id":1204,"type":1,"stype":3,"name":"杀敌数量","desc":"一场战斗杀死200个敌方士兵","value":200,"point":5,"award":[{"prop":101,"num":6}]},
{"id":1204,"next_id":1205,"type":1,"stype":3,"name":"杀敌数量","desc":"一场战斗杀死500个敌方士兵","value":500,"point":10,"award":[{"prop":101,"num":8}]},
{"id":1205,"next_id":1206,"type":1,"stype":3,"name":"杀敌数量","desc":"一场战斗杀死1000个敌方士兵","value":1000,"point":15,"award":[{"prop":101,"num":10}]},
{"id":1206,"next_id":1207,"type":1,"stype":3,"name":"杀敌数量","desc":"一场战斗杀死2000个敌方士兵","value":2000,"point":20,"award":[{"prop":101,"num":12}]},
{"id":1207,"next_id":1208,"type":1,"stype":3,"name":"杀敌数量","desc":"一场战斗杀死5000个敌方士兵","value":5000,"point":25,"award":[{"prop":101,"num":14}]},
{"id":1208,"next_id":1209,"type":1,"stype":3,"name":"杀敌数量","desc":"一场战斗杀死10000个敌方士兵","value":10000,"point":30,"award":[{"prop":101,"num":16}]},
{"id":1209,"next_id":1210,"type":1,"stype":3,"name":"杀敌数量","desc":"一场战斗杀死20000个敌方士兵","value":20000,"point":35,"award":[{"prop":101,"num":18}]},
{"id":1210,"next_id":0,"type":1,"stype":3,"name":"杀敌数量","desc":"一场战斗杀死50000个敌方士兵","value":50000,"point":40,"award":[{"prop":101,"num":20}]},
{"id":1301,"next_id":1302,"type":1,"stype":4,"name":"掠夺胜利","desc":"主动掠夺胜利5次","value":5,"point":5,"award":[{"prop":101,"num":2}]},
{"id":1302,"next_id":1303,"type":1,"stype":4,"name":"掠夺胜利","desc":"主动掠夺胜利20次","value":20,"point":10,"award":[{"prop":101,"num":4}]},
{"id":1303,"next_id":1304,"type":1,"stype":4,"name":"掠夺胜利","desc":"主动掠夺胜利50次","value":50,"point":20,"award":[{"prop":101,"num":6}]},
{"id":1304,"next_id":1305,"type":1,"stype":4,"name":"掠夺胜利","desc":"主动掠夺胜利100次","value":100,"point":30,"award":[{"prop":101,"num":8}]},
{"id":1305,"next_id":1306,"type":1,"stype":4,"name":"掠夺胜利","desc":"主动掠夺胜利200次","value":200,"point":40,"award":[{"prop":101,"num":10}]},
{"id":1306,"next_id":1307,"type":1,"stype":4,"name":"掠夺胜利","desc":"主动掠夺胜利500次","value":500,"point":50,"award":[{"prop":101,"num":12}]},
{"id":1307,"next_id":1308,"type":1,"stype":4,"name":"掠夺胜利","desc":"主动掠夺胜利1000次","value":1000,"point":60,"award":[{"prop":101,"num":14}]},
{"id":1308,"next_id":1309,"type":1,"stype":4,"name":"掠夺胜利","desc":"主动掠夺胜利2000次","value":2000,"point":70,"award":[{"prop":101,"num":16}]},
{"id":1309,"next_id":1310,"type":1,"stype":4,"name":"掠夺胜利","desc":"主动掠夺胜利5000次","value":5000,"point":80,"award":[{"prop":101,"num":18}]},
{"id":1310,"next_id":0,"type":1,"stype":4,"name":"掠夺胜利","desc":"主动掠夺胜利10000次","value":10000,"point":90,"award":[{"prop":101,"num":20}]},
{"id":1401,"next_id":1402,"type":1,"stype":5,"name":"掠夺失利","desc":"主动掠夺失败5次","value":5,"point":10,"award":[{"prop":101,"num":2}]},
{"id":1402,"next_id":1403,"type":1,"stype":5,"name":"掠夺失利","desc":"主动掠夺失败20次","value":20,"point":20,"award":[{"prop":101,"num":4}]},
{"id":1403,"next_id":1404,"type":1,"stype":5,"name":"掠夺失利","desc":"主动掠夺失败50次","value":50,"point":30,"award":[{"prop":101,"num":6}]},
{"id":1404,"next_id":1405,"type":1,"stype":5,"name":"掠夺失利","desc":"主动掠夺失败100次","value":100,"point":40,"award":[{"prop":101,"num":8}]},
{"id":1405,"next_id":1406,"type":1,"stype":5,"name":"掠夺失利","desc":"主动掠夺失败200次","value":200,"point":50,"award":[{"prop":101,"num":10}]},
{"id":1406,"next_id":1407,"type":1,"stype":5,"name":"掠夺失利","desc":"主动掠夺失败500次","value":500,"point":60,"award":[{"prop":101,"num":12}]},
{"id":1407,"next_id":1408,"type":1,"stype":5,"name":"掠夺失利","desc":"主动掠夺失败1000次","value":1000,"point":70,"award":[{"prop":101,"num":14}]},
{"id":1408,"next_id":1409,"type":1,"stype":5,"name":"掠夺失利","desc":"主动掠夺失败2000次","value":2000,"point":80,"award":[{"prop":101,"num":16}]},
{"id":1409,"next_id":1410,"type":1,"stype":5,"name":"掠夺失利","desc":"主动掠夺失败5000次","value":5000,"point":90,"award":[{"prop":101,"num":18}]},
{"id":1410,"next_id":0,"type":1,"stype":5,"name":"掠夺失利","desc":"主动掠夺失败10000次","value":10000,"point":100,"award":[{"prop":101,"num":20}]},
{"id":1501,"next_id":1502,"type":1,"stype":6,"name":"科技研究","desc":"完成2个科技研究","value":2,"point":5,"award":[{"prop":101,"num":2}]},
{"id":1502,"next_id":1503,"type":1,"stype":6,"name":"科技研究","desc":"完成5个科技研究","value":5,"point":10,"award":[{"prop":101,"num":4}]},
{"id":1503,"next_id":1504,"type":1,"stype":6,"name":"科技研究","desc":"完成10个科技研究","value":10,"point":20,"award":[{"prop":101,"num":6}]},
{"id":1504,"next_id":1505,"type":1,"stype":6,"name":"科技研究","desc":"完成15个科技研究","value":15,"point":30,"award":[{"prop":101,"num":8}]},
{"id":1505,"next_id":1506,"type":1,"stype":6,"name":"科技研究","desc":"完成20个科技研究","value":20,"point":40,"award":[{"prop":101,"num":10}]},
{"id":1506,"next_id":1507,"type":1,"stype":6,"name":"科技研究","desc":"完成25个科技研究","value":25,"point":50,"award":[{"prop":101,"num":12}]},
{"id":1507,"next_id":1508,"type":1,"stype":6,"name":"科技研究","desc":"完成30个科技研究","value":30,"point":60,"award":[{"prop":101,"num":14}]},
{"id":1508,"next_id":1509,"type":1,"stype":6,"name":"科技研究","desc":"完成35个科技研究","value":35,"point":70,"award":[{"prop":101,"num":16}]},
{"id":1509,"next_id":1510,"type":1,"stype":6,"name":"科技研究","desc":"完成40个科技研究","value":40,"point":80,"award":[{"prop":101,"num":18}]},
{"id":1510,"next_id":0,"type":1,"stype":6,"name":"科技研究","desc":"完成45个科技研究","value":45,"point":90,"award":[{"prop":101,"num":20}]},
{"id":1601,"next_id":1602,"type":1,"stype":7,"name":"累计加速","desc":"累计加速2次","value":2,"point":20,"award":[{"prop":101,"num":2}]},
{"id":1602,"next_id":1603,"type":1,"stype":7,"name":"累计加速","desc":"累计加速5次","value":5,"point":40,"award":[{"prop":101,"num":4}]},
{"id":1603,"next_id":1604,"type":1,"stype":7,"name":"累计加速","desc":"累计加速10次","value":10,"point":60,"award":[{"prop":101,"num":6}]},
{"id":1604,"next_id":1605,"type":1,"stype":7,"name":"累计加速","desc":"累计加速20次","value":20,"point":80,"award":[{"prop":101,"num":8}]},
{"id":1605,"next_id":1606,"type":1,"stype":7,"name":"累计加速","desc":"累计加速50次","value":50,"point":100,"award":[{"prop":101,"num":10}]},
{"id":1606,"next_id":1607,"type":1,"stype":7,"name":"累计加速","desc":"累计加速100次","value":100,"point":120,"award":[{"prop":101,"num":12}]},
{"id":1607,"next_id":1608,"type":1,"stype":7,"name":"累计加速","desc":"累计加速200次","value":200,"point":140,"award":[{"prop":101,"num":14}]},
{"id":1608,"next_id":1609,"type":1,"stype":7,"name":"累计加速","desc":"累计加速500次","value":500,"point":160,"award":[{"prop":101,"num":16}]},
{"id":1609,"next_id":1610,"type":1,"stype":7,"name":"累计加速","desc":"累计加速1000次","value":1000,"point":180,"award":[{"prop":101,"num":18}]},
{"id":1610,"next_id":0,"type":1,"stype":7,"name":"累计加速","desc":"累计加速2000次","value":2000,"point":200,"award":[{"prop":101,"num":20}]},
{"id":1701,"next_id":1702,"type":1,"stype":8,"name":"资源建筑","desc":"拥有农场、伐木场、采石场共100个","value":100,"point":5,"award":[{"prop":101,"num":2}]},
{"id":1702,"next_id":1703,"type":1,"stype":8,"name":"资源建筑","desc":"拥有农场、伐木场、采石场共200个","value":200,"point":10,"award":[{"prop":101,"num":4}]},
{"id":1703,"next_id":1704,"type":1,"stype":8,"name":"资源建筑","desc":"拥有农场、伐木场、采石场共500个","value":500,"point":20,"award":[{"prop":101,"num":6}]},
{"id":1704,"next_id":1705,"type":1,"stype":8,"name":"资源建筑","desc":"拥有农场、伐木场、采石场共1000个","value":1000,"point":30,"award":[{"prop":101,"num":8}]},
{"id":1705,"next_id":1706,"type":1,"stype":8,"name":"资源建筑","desc":"拥有农场、伐木场、采石场共2000个","value":2000,"point":40,"award":[{"prop":101,"num":10}]},
{"id":1706,"next_id":1707,"type":1,"stype":8,"name":"资源建筑","desc":"拥有农场、伐木场、采石场共5000个","value":5000,"point":50,"award":[{"prop":101,"num":12}]},
{"id":1707,"next_id":1708,"type":1,"stype":8,"name":"资源建筑","desc":"拥有农场、伐木场、采石场共10000个","value":10000,"point":60,"award":[{"prop":101,"num":14}]},
{"id":1708,"next_id":1709,"type":1,"stype":8,"name":"资源建筑","desc":"拥有农场、伐木场、采石场共20000个","value":20000,"point":70,"award":[{"prop":101,"num":16}]},
{"id":1709,"next_id":1710,"type":1,"stype":8,"name":"资源建筑","desc":"拥有农场、伐木场、采石场共30000个","value":30000,"point":80,"award":[{"prop":101,"num":18}]},
{"id":1710,"next_id":0,"type":1,"stype":8,"name":"资源建筑","desc":"拥有农场、伐木场、采石场共40000个","value":40000,"point":90,"award":[{"prop":101,"num":20}]},
{"id":1801,"next_id":1802,"type":1,"stype":9,"name":"工厂建筑","desc":"拥有铁匠铺、皮革厂、马厩、龙晶矿共50个","value":50,"point":5,"award":[{"prop":101,"num":2}]},
{"id":1802,"next_id":1803,"type":1,"stype":9,"name":"工厂建筑","desc":"拥有铁匠铺、皮革厂、马厩、龙晶矿共100个","value":100,"point":10,"award":[{"prop":101,"num":4}]},
{"id":1803,"next_id":1804,"type":1,"stype":9,"name":"工厂建筑","desc":"拥有铁匠铺、皮革厂、马厩、龙晶矿共200个","value":200,"point":20,"award":[{"prop":101,"num":6}]},
{"id":1804,"next_id":1805,"type":1,"stype":9,"name":"工厂建筑","desc":"拥有铁匠铺、皮革厂、马厩、龙晶矿共500个","value":500,"point":30,"award":[{"prop":101,"num":8}]},
{"id":1805,"next_id":1806,"type":1,"stype":9,"name":"工厂建筑","desc":"拥有铁匠铺、皮革厂、马厩、龙晶矿共1000个","value":1000,"point":40,"award":[{"prop":101,"num":10}]},
{"id":1806,"next_id":1807,"type":1,"stype":9,"name":"工厂建筑","desc":"拥有铁匠铺、皮革厂、马厩、龙晶矿共2000个","value":2000,"point":50,"award":[{"prop":101,"num":12}]},
{"id":1807,"next_id":1808,"type":1,"stype":9,"name":"工厂建筑","desc":"拥有铁匠铺、皮革厂、马厩、龙晶矿共5000个","value":5000,"point":60,"award":[{"prop":101,"num":14}]},
{"id":1808,"next_id":1809,"type":1,"stype":9,"name":"工厂建筑","desc":"拥有铁匠铺、皮革厂、马厩、龙晶矿共10000个","value":10000,"point":70,"award":[{"prop":101,"num":16}]},
{"id":1809,"next_id":1810,"type":1,"stype":9,"name":"工厂建筑","desc":"拥有铁匠铺、皮革厂、马厩、龙晶矿共15000个","value":15000,"point":80,"award":[{"prop":101,"num":18}]},
{"id":1810,"next_id":0,"type":1,"stype":9,"name":"工厂建筑","desc":"拥有铁匠铺、皮革厂、马厩、龙晶矿共20000个","value":20000,"point":90,"award":[{"prop":101,"num":20}]},
{"id":1901,"next_id":1902,"type":1,"stype":10,"name":"军事建筑","desc":"拥有步兵营、弓手营、骑兵营、龙穴共100个","value":100,"point":5,"award":[{"prop":101,"num":2}]},
{"id":1902,"next_id":1903,"type":1,"stype":10,"name":"军事建筑","desc":"拥有步兵营、弓手营、骑兵营、龙穴共200个","value":200,"point":10,"award":[{"prop":101,"num":4}]},
{"id":1903,"next_id":1904,"type":1,"stype":10,"name":"军事建筑","desc":"拥有步兵营、弓手营、骑兵营、龙穴共500个","value":500,"point":20,"award":[{"prop":101,"num":6}]},
{"id":1904,"next_id":1905,"type":1,"stype":10,"name":"军事建筑","desc":"拥有步兵营、弓手营、骑兵营、龙穴共1000个","value":1000,"point":30,"award":[{"prop":101,"num":8}]},
{"id":1905,"next_id":1906,"type":1,"stype":10,"name":"军事建筑","desc":"拥有步兵营、弓手营、骑兵营、龙穴共2000个","value":2000,"point":40,"award":[{"prop":101,"num":10}]},
{"id":1906,"next_id":1907,"type":1,"stype":10,"name":"军事建筑","desc":"拥有步兵营、弓手营、骑兵营、龙穴共5000个","value":5000,"point":50,"award":[{"prop":101,"num":12}]},
{"id":1907,"next_id":1908,"type":1,"stype":10,"name":"军事建筑","desc":"拥有步兵营、弓手营、骑兵营、龙穴共10000个","value":10000,"point":60,"award":[{"prop":101,"num":14}]},
{"id":1908,"next_id":1909,"type":1,"stype":10,"name":"军事建筑","desc":"拥有步兵营、弓手营、骑兵营、龙穴共20000个","value":20000,"point":70,"award":[{"prop":101,"num":16}]},
{"id":1909,"next_id":1910,"type":1,"stype":10,"name":"军事建筑","desc":"拥有步兵营、弓手营、骑兵营、龙穴共30000个","value":30000,"point":80,"award":[{"prop":101,"num":18}]},
{"id":1910,"next_id":0,"type":1,"stype":10,"name":"军事建筑","desc":"拥有步兵营、弓手营、骑兵营、龙穴共40000个","value":40000,"point":90,"award":[{"prop":101,"num":20}]},
{"id":2001,"next_id":2002,"type":1,"stype":11,"name":"仓库建筑","desc":"拥有谷仓、木料存储棚、石料存储棚共500个","value":500,"point":5,"award":[{"prop":101,"num":2}]},
{"id":2002,"next_id":2003,"type":1,"stype":11,"name":"仓库建筑","desc":"拥有谷仓、木料存储棚、石料存储棚共1000个","value":1000,"point":10,"award":[{"prop":101,"num":4}]},
{"id":2003,"next_id":2004,"type":1,"stype":11,"name":"仓库建筑","desc":"拥有谷仓、木料存储棚、石料存储棚共2000个","value":2000,"point":20,"award":[{"prop":101,"num":6}]},
{"id":2004,"next_id":2005,"type":1,"stype":11,"name":"仓库建筑","desc":"拥有谷仓、木料存储棚、石料存储棚共5000个","value":5000,"point":30,"award":[{"prop":101,"num":8}]},
{"id":2005,"next_id":2006,"type":1,"stype":11,"name":"仓库建筑","desc":"拥有谷仓、木料存储棚、石料存储棚共10000个","value":10000,"point":40,"award":[{"prop":101,"num":10}]},
{"id":2006,"next_id":2007,"type":1,"stype":11,"name":"仓库建筑","desc":"拥有谷仓、木料存储棚、石料存储棚共20000个","value":20000,"point":50,"award":[{"prop":101,"num":12}]},
{"id":2007,"next_id":2008,"type":1,"stype":11,"name":"仓库建筑","desc":"拥有谷仓、木料存储棚、石料存储棚共50000个","value":50000,"point":60,"award":[{"prop":101,"num":14}]},
{"id":2008,"next_id":2009,"type":1,"stype":11,"name":"仓库建筑","desc":"拥有谷仓、木料存储棚、石料存储棚共100000个","value":100000,"point":70,"award":[{"prop":101,"num":16}]},
{"id":2009,"next_id":2010,"type":1,"stype":11,"name":"仓库建筑","desc":"拥有谷仓、木料存储棚、石料存储棚共150000个","value":150000,"point":80,"award":[{"prop":101,"num":18}]},
{"id":2010,"next_id":0,"type":1,"stype":11,"name":"仓库建筑","desc":"拥有谷仓、木料存储棚、石料存储棚共200000个","value":200000,"point":90,"award":[{"prop":101,"num":20}]},
{"id":5101,"next_id":5102,"type":1,"stype":16,"name":"奇迹之光","desc":"拥有1个奇迹","value":1,"point":50,"award":[{"prop":101,"num":2}]},
{"id":5102,"next_id":5103,"type":1,"stype":16,"name":"奇迹之光","desc":"拥有2个奇迹","value":2,"point":100,"award":[{"prop":101,"num":4}]},
{"id":5103,"next_id":5104,"type":1,"stype":16,"name":"奇迹之光","desc":"拥有3个奇迹","value":3,"point":150,"award":[{"prop":101,"num":6}]},
{"id":5104,"next_id":5105,"type":1,"stype":16,"name":"奇迹之光","desc":"拥有4个奇迹","value":4,"point":20,"award":[{"prop":101,"num":8}]},
{"id":5105,"next_id":5106,"type":1,"stype":16,"name":"奇迹之光","desc":"拥有5个奇迹","value":5,"point":40,"award":[{"prop":101,"num":10}]},
{"id":5106,"next_id":5107,"type":1,"stype":16,"name":"奇迹之光","desc":"拥有6个奇迹","value":6,"point":60,"award":[{"prop":101,"num":12}]},
{"id":5107,"next_id":5108,"type":1,"stype":16,"name":"奇迹之光","desc":"拥有7个奇迹","value":7,"point":80,"award":[{"prop":101,"num":14}]},
{"id":5108,"next_id":5109,"type":1,"stype":16,"name":"奇迹之光","desc":"拥有8个奇迹","value":8,"point":100,"award":[{"prop":101,"num":16}]},
{"id":5109,"next_id":5110,"type":1,"stype":16,"name":"奇迹之光","desc":"拥有9个奇迹","value":9,"point":120,"award":[{"prop":101,"num":18}]},
{"id":5110,"next_id":0,"type":1,"stype":16,"name":"奇迹之光","desc":"拥有10个奇迹","value":10,"point":140,"award":[{"prop":101,"num":20}]}
]