[
{"id":1,"energy":20,"reset_copy":2,"lord_fight_count":20},
{"id":2,"energy":20,"reset_copy":4,"lord_fight_count":50},
{"id":3,"energy":50,"reset_copy":6,"lord_fight_count":50},
{"id":4,"energy":50,"reset_copy":8,"lord_fight_count":100},
{"id":5,"energy":50,"reset_copy":10,"lord_fight_count":100},
{"id":6,"energy":50,"reset_copy":12,"lord_fight_count":200},
{"id":7,"energy":50,"reset_copy":14,"lord_fight_count":200},
{"id":8,"energy":80,"reset_copy":16,"lord_fight_count":200},
{"id":9,"energy":80,"reset_copy":18,"lord_fight_count":200},
{"id":10,"energy":80,"reset_copy":20,"lord_fight_count":200},
{"id":11,"energy":80,"reset_copy":22,"lord_fight_count":200},
{"id":12,"energy":80,"reset_copy":24,"lord_fight_count":200},
{"id":13,"energy":100,"reset_copy":26,"lord_fight_count":200},
{"id":14,"energy":100,"reset_copy":28,"lord_fight_count":300},
{"id":15,"energy":100,"reset_copy":30,"lord_fight_count":300},
{"id":16,"energy":100,"reset_copy":32,"lord_fight_count":300},
{"id":17,"energy":100,"reset_copy":34,"lord_fight_count":300},
{"id":18,"energy":500,"reset_copy":36,"lord_fight_count":300},
{"id":19,"energy":500,"reset_copy":38,"lord_fight_count":300},
{"id":20,"energy":500,"reset_copy":40,"lord_fight_count":300},
{"id":21,"energy":500,"reset_copy":42,"lord_fight_count":300},
{"id":22,"energy":500,"reset_copy":44,"lord_fight_count":300},
{"id":23,"energy":1000,"reset_copy":46,"lord_fight_count":300},
{"id":24,"energy":1000,"reset_copy":48,"lord_fight_count":400},
{"id":25,"energy":1000,"reset_copy":50,"lord_fight_count":400},
{"id":26,"energy":1000,"reset_copy":52,"lord_fight_count":400},
{"id":27,"energy":1000,"reset_copy":54,"lord_fight_count":400},
{"id":28,"energy":1000,"reset_copy":56,"lord_fight_count":400},
{"id":29,"energy":1000,"reset_copy":58,"lord_fight_count":400},
{"id":30,"energy":1000,"reset_copy":60,"lord_fight_count":400},
{"id":31,"energy":99999,"reset_copy":62,"lord_fight_count":400},
{"id":32,"energy":99999,"reset_copy":64,"lord_fight_count":400},
{"id":33,"energy":99999,"reset_copy":66,"lord_fight_count":400},
{"id":34,"energy":99999,"reset_copy":68,"lord_fight_count":400},
{"id":35,"energy":99999,"reset_copy":70,"lord_fight_count":400},
{"id":36,"energy":99999,"reset_copy":72,"lord_fight_count":400},
{"id":37,"energy":99999,"reset_copy":74,"lord_fight_count":400},
{"id":38,"energy":99999,"reset_copy":76,"lord_fight_count":400},
{"id":39,"energy":99999,"reset_copy":78,"lord_fight_count":400},
{"id":40,"energy":99999,"reset_copy":80,"lord_fight_count":500},
{"id":41,"energy":99999,"reset_copy":82,"lord_fight_count":500},
{"id":42,"energy":99999,"reset_copy":84,"lord_fight_count":500},
{"id":43,"energy":99999,"reset_copy":86,"lord_fight_count":500},
{"id":44,"energy":99999,"reset_copy":88,"lord_fight_count":500},
{"id":45,"energy":99999,"reset_copy":90,"lord_fight_count":500},
{"id":46,"energy":99999,"reset_copy":92,"lord_fight_count":500},
{"id":47,"energy":99999,"reset_copy":94,"lord_fight_count":500},
{"id":48,"energy":99999,"reset_copy":96,"lord_fight_count":500},
{"id":49,"energy":99999,"reset_copy":98,"lord_fight_count":500},
{"id":50,"energy":99999,"reset_copy":100,"lord_fight_count":500},
{"id":51,"energy":99999,"reset_copy":102,"lord_fight_count":500},
{"id":52,"energy":99999,"reset_copy":104,"lord_fight_count":500},
{"id":53,"energy":99999,"reset_copy":106,"lord_fight_count":500},
{"id":54,"energy":99999,"reset_copy":108,"lord_fight_count":500},
{"id":55,"energy":99999,"reset_copy":110,"lord_fight_count":500},
{"id":56,"energy":99999,"reset_copy":112,"lord_fight_count":500},
{"id":57,"energy":99999,"reset_copy":114,"lord_fight_count":500},
{"id":58,"energy":99999,"reset_copy":116,"lord_fight_count":500},
{"id":59,"energy":99999,"reset_copy":118,"lord_fight_count":500},
{"id":60,"energy":99999,"reset_copy":120,"lord_fight_count":500},
{"id":61,"energy":99999,"reset_copy":122,"lord_fight_count":500},
{"id":62,"energy":99999,"reset_copy":124,"lord_fight_count":500},
{"id":63,"energy":99999,"reset_copy":126,"lord_fight_count":500},
{"id":64,"energy":99999,"reset_copy":128,"lord_fight_count":1000},
{"id":65,"energy":99999,"reset_copy":130,"lord_fight_count":1000},
{"id":66,"energy":99999,"reset_copy":132,"lord_fight_count":1000},
{"id":67,"energy":99999,"reset_copy":134,"lord_fight_count":1000},
{"id":68,"energy":99999,"reset_copy":136,"lord_fight_count":1000},
{"id":69,"energy":99999,"reset_copy":138,"lord_fight_count":1000},
{"id":70,"energy":99999,"reset_copy":140,"lord_fight_count":1000},
{"id":71,"energy":99999,"reset_copy":142,"lord_fight_count":1000},
{"id":72,"energy":99999,"reset_copy":144,"lord_fight_count":1000},
{"id":73,"energy":99999,"reset_copy":146,"lord_fight_count":1000},
{"id":74,"energy":99999,"reset_copy":148,"lord_fight_count":1000},
{"id":75,"energy":99999,"reset_copy":150,"lord_fight_count":1000},
{"id":76,"energy":99999,"reset_copy":152,"lord_fight_count":1000},
{"id":77,"energy":99999,"reset_copy":154,"lord_fight_count":2000},
{"id":78,"energy":99999,"reset_copy":156,"lord_fight_count":2000},
{"id":79,"energy":99999,"reset_copy":158,"lord_fight_count":2000},
{"id":80,"energy":99999,"reset_copy":160,"lord_fight_count":2000},
{"id":81,"energy":99999,"reset_copy":162,"lord_fight_count":2000},
{"id":82,"energy":99999,"reset_copy":164,"lord_fight_count":2000},
{"id":83,"energy":99999,"reset_copy":166,"lord_fight_count":2000},
{"id":84,"energy":99999,"reset_copy":168,"lord_fight_count":2000},
{"id":85,"energy":99999,"reset_copy":170,"lord_fight_count":2000},
{"id":86,"energy":99999,"reset_copy":172,"lord_fight_count":2000},
{"id":87,"energy":99999,"reset_copy":174,"lord_fight_count":2000},
{"id":88,"energy":99999,"reset_copy":176,"lord_fight_count":2000},
{"id":89,"energy":99999,"reset_copy":178,"lord_fight_count":2000},
{"id":90,"energy":99999,"reset_copy":180,"lord_fight_count":2000},
{"id":91,"energy":99999,"reset_copy":182,"lord_fight_count":2000},
{"id":92,"energy":99999,"reset_copy":184,"lord_fight_count":9999},
{"id":93,"energy":99999,"reset_copy":186,"lord_fight_count":9999},
{"id":94,"energy":99999,"reset_copy":188,"lord_fight_count":9999},
{"id":95,"energy":99999,"reset_copy":190,"lord_fight_count":9999},
{"id":96,"energy":99999,"reset_copy":192,"lord_fight_count":9999},
{"id":97,"energy":99999,"reset_copy":194,"lord_fight_count":9999},
{"id":98,"energy":99999,"reset_copy":196,"lord_fight_count":9999},
{"id":99,"energy":99999,"reset_copy":198,"lord_fight_count":9999},
{"id":100,"energy":99999,"reset_copy":200,"lord_fight_count":9999},
{"id":101,"energy":99999,"reset_copy":202,"lord_fight_count":9999},
{"id":102,"energy":99999,"reset_copy":204,"lord_fight_count":9999},
{"id":103,"energy":99999,"reset_copy":206,"lord_fight_count":9999},
{"id":104,"energy":99999,"reset_copy":208,"lord_fight_count":9999},
{"id":105,"energy":99999,"reset_copy":210,"lord_fight_count":9999},
{"id":106,"energy":99999,"reset_copy":212,"lord_fight_count":9999},
{"id":107,"energy":99999,"reset_copy":214,"lord_fight_count":9999},
{"id":108,"energy":99999,"reset_copy":216,"lord_fight_count":9999},
{"id":109,"energy":99999,"reset_copy":218,"lord_fight_count":9999},
{"id":110,"energy":99999,"reset_copy":220,"lord_fight_count":9999},
{"id":111,"energy":99999,"reset_copy":222,"lord_fight_count":9999},
{"id":112,"energy":99999,"reset_copy":224,"lord_fight_count":9999},
{"id":113,"energy":99999,"reset_copy":226,"lord_fight_count":9999},
{"id":114,"energy":99999,"reset_copy":228,"lord_fight_count":9999},
{"id":115,"energy":99999,"reset_copy":230,"lord_fight_count":9999},
{"id":116,"energy":99999,"reset_copy":232,"lord_fight_count":9999},
{"id":117,"energy":99999,"reset_copy":234,"lord_fight_count":9999},
{"id":118,"energy":99999,"reset_copy":236,"lord_fight_count":9999},
{"id":119,"energy":99999,"reset_copy":238,"lord_fight_count":9999},
{"id":120,"energy":99999,"reset_copy":240,"lord_fight_count":9999},
{"id":121,"energy":99999,"reset_copy":242,"lord_fight_count":9999},
{"id":122,"energy":99999,"reset_copy":244,"lord_fight_count":9999},
{"id":123,"energy":99999,"reset_copy":246,"lord_fight_count":9999},
{"id":124,"energy":99999,"reset_copy":248,"lord_fight_count":9999},
{"id":125,"energy":99999,"reset_copy":250,"lord_fight_count":9999},
{"id":126,"energy":99999,"reset_copy":252,"lord_fight_count":9999},
{"id":127,"energy":99999,"reset_copy":254,"lord_fight_count":9999},
{"id":128,"energy":99999,"reset_copy":256,"lord_fight_count":9999},
{"id":129,"energy":99999,"reset_copy":258,"lord_fight_count":9999},
{"id":130,"energy":99999,"reset_copy":260,"lord_fight_count":9999},
{"id":131,"energy":99999,"reset_copy":262,"lord_fight_count":9999},
{"id":132,"energy":99999,"reset_copy":99999,"lord_fight_count":99999},
{"id":133,"energy":99999,"reset_copy":99999,"lord_fight_count":99999},
{"id":134,"energy":99999,"reset_copy":99999,"lord_fight_count":99999},
{"id":135,"energy":99999,"reset_copy":99999,"lord_fight_count":99999},
{"id":136,"energy":99999,"reset_copy":99999,"lord_fight_count":99999},
{"id":137,"energy":99999,"reset_copy":99999,"lord_fight_count":99999}
]