[
{"id":1,"item":[{"prop":60000,"num":5},{"prop":60101,"num":5},{"prop":10001,"num":1}]},
{"id":2,"item":[{"prop":60012,"num":20},{"prop":60110,"num":20},{"prop":50000,"num":1},{"prop":10101,"num":1}]},
{"id":3,"item":[{"prop":30003,"num":1},{"prop":60000,"num":20},{"prop":60101,"num":20},{"prop":50000,"num":1}]},
{"id":4,"item":[{"prop":10601,"num":1},{"prop":10701,"num":1},{"prop":60201,"num":50},{"prop":60301,"num":50}]},
{"id":5,"item":[{"prop":30002,"num":1},{"prop":10701,"num":1},{"prop":10801,"num":1},{"prop":50001,"num":1}]},
{"id":6,"item":[{"prop":60401,"num":50},{"prop":60501,"num":50},{"prop":10901,"num":4},{"prop":50001,"num":1}]},
{"id":7,"item":[{"prop":60407,"num":50},{"prop":60507,"num":50},{"prop":10901,"num":20},{"prop":50002,"num":1}]}
]