[
{"id":2001,"icon":"equip_2001_png","name":"石斧","type":1,"value":10,"soldier":101,"color":2,"divide":1},
{"id":2002,"icon":"equip_2002_png","name":"短刀","type":1,"value":15,"soldier":101,"color":2,"divide":1},
{"id":2003,"icon":"equip_2003_png","name":"锋利手斧","type":1,"value":30,"soldier":101,"color":3,"divide":3},
{"id":2004,"icon":"equip_2004_png","name":"精致短剑","type":1,"value":35,"soldier":101,"color":3,"divide":3},
{"id":2005,"icon":"equip_2005_png","name":"狂野战斧","type":1,"value":60,"soldier":101,"color":4,"divide":5},
{"id":2101,"icon":"equip_2101_png","name":"小木盾","type":2,"value":10,"soldier":101,"color":2,"divide":1},
{"id":2102,"icon":"equip_2102_png","name":"步兵盾","type":2,"value":20,"soldier":101,"color":2,"divide":3},
{"id":2103,"icon":"equip_2103_png","name":"坚硬铁盾","type":2,"value":30,"soldier":101,"color":3,"divide":3},
{"id":2104,"icon":"equip_2104_png","name":"精灵护盾","type":2,"value":60,"soldier":101,"color":4,"divide":5},
{"id":2201,"icon":"equip_2201_png","name":"破木弓","type":1,"value":100,"soldier":102,"color":2,"divide":2},
{"id":2202,"icon":"equip_2202_png","name":"猎人弓","type":1,"value":200,"soldier":102,"color":2,"divide":2},
{"id":2203,"icon":"equip_2203_png","name":"烈焰弓","type":1,"value":300,"soldier":102,"color":3,"divide":4},
{"id":2204,"icon":"equip_2204_png","name":"霜噬长弓","type":1,"value":400,"soldier":102,"color":3,"divide":4},
{"id":2205,"icon":"equip_2205_png","name":"暗杀弩","type":1,"value":500,"soldier":102,"color":4,"divide":10},
{"id":2301,"icon":"equip_2301_png","name":"粗糙披风","type":2,"value":100,"soldier":102,"color":2,"divide":1},
{"id":2302,"icon":"equip_2302_png","name":"猎人皮衣","type":2,"value":200,"soldier":102,"color":2,"divide":3},
{"id":2303,"icon":"equip_2303_png","name":"疾风靴","type":2,"value":300,"soldier":102,"color":3,"divide":3},
{"id":2304,"icon":"equip_2304_png","name":"潜行斗篷","type":2,"value":500,"soldier":102,"color":3,"divide":5},
{"id":2401,"icon":"equip_2401_png","name":"战斗长矛","type":1,"value":100,"soldier":103,"color":2,"divide":4},
{"id":2401,"icon":"equip_2401_png","name":"骑士剑","type":1,"value":150,"soldier":103,"color":2,"divide":4},
{"id":2403,"icon":"equip_2403_png","name":"禁卫之剑","type":1,"value":200,"soldier":103,"color":3,"divide":6},
{"id":2404,"icon":"equip_2404_png","name":"英勇长矛","type":1,"value":300,"soldier":103,"color":3,"divide":6},
{"id":2405,"icon":"equip_2405_png","name":"战神长剑","type":1,"value":400,"soldier":103,"color":4,"divide":15},
{"id":2501,"icon":"equip_2501_png","name":"铁头盔","type":2,"value":10,"soldier":103,"color":2,"divide":1},
{"id":2502,"icon":"equip_2502_png","name":"将领头盔","type":2,"value":50,"soldier":103,"color":2,"divide":3},
{"id":2503,"icon":"equip_2503_png","name":"勇士头盔","type":2,"value":100,"soldier":103,"color":3,"divide":3},
{"id":2504,"icon":"equip_2504_png","name":"精钢战甲","type":2,"value":200,"soldier":103,"color":4,"divide":5},
{"id":2601,"icon":"equip_2601_png","name":"火焰符文","type":1,"value":5000,"soldier":104,"color":3,"divide":50},
{"id":2602,"icon":"equip_2602_png","name":"狂野符文","type":1,"value":10000,"soldier":104,"color":4,"divide":100},
{"id":2701,"icon":"equip_2701_png","name":"守护指环","type":2,"value":5000,"soldier":104,"color":3,"divide":3},
{"id":2702,"icon":"equip_2702_png","name":"魔力指环","type":2,"value":10000,"soldier":104,"color":4,"divide":3},
{"id":9000,"icon":"equip_9000_png","name":"装备碎片","type":3,"value":1,"soldier":"","color":2,"divide":1}
]