[
{"id":400,"desc":"服务器维护中，请稍候再试","type":1},
{"id":401,"desc":"与服务器失去连接，请重新登录","type":1},
{"id":500,"desc":"系统异常，请稍候再试！","type":0},
{"id":501,"desc":"系统繁忙，请稍候再试！","type":0},
{"id":502,"desc":"参数错误","type":0},
{"id":503,"desc":"您的账号已被暂时封停，请联系客服QQ:3404506827。谢谢您的支持与理解。","type":1},
{"id":505,"desc":"网络异常,请点击【确定】重新连接","type":1},
{"id":506,"desc":"你已被禁止发言","type":0},
{"id":1001,"desc":"您没有足够的金币","type":0},
{"id":1002,"desc":"缺少道具，请重新进入游戏","type":1},
{"id":1101,"desc":"联盟名字必须介于2-12个字符（1-6个汉字）","type":0},
{"id":1102,"desc":"联盟宣言长度错误","type":0},
{"id":1103,"desc":"当前名字不可用","type":0},
{"id":1104,"desc":"您已经加入联盟了","type":0},
{"id":1105,"desc":"联盟名已经存在","type":0},
{"id":1106,"desc":"您还未加入联盟","type":0},
{"id":1107,"desc":"联盟不存在","type":0},
{"id":1108,"desc":"联盟人数已满","type":0},
{"id":1109,"desc":"您没有权限操作","type":0},
{"id":1110,"desc":"盟主退出必须要有副盟主","type":0},
{"id":1111,"desc":"当天次数已用完","type":0},
{"id":1112,"desc":"联盟最多只能存在两位副盟主","type":0},
{"id":1113,"desc":"红包已经抢完了,请重新进入【联盟红包】","type":0},
{"id":1114,"desc":"你已经领取过这个红包了","type":0},
{"id":1115,"desc":"不能领取自己发的红包","type":0},
{"id":1116,"desc":"已经拥有了该称号","type":0},
{"id":1117,"desc":"神圣之力数量不足","type":0},
{"id":1118,"desc":"神圣之力赐予数量已达上限","type":0},
{"id":1119,"desc":"切换种族免费次数已用完","type":0},
{"id":1120,"desc":"您还有免费次数，请刷新游戏","type":0},
{"id":1121,"desc":"您还有战斗次数","type":0},
{"id":1122,"desc":"您还有奖励未领取","type":0},
{"id":1123,"desc":"您不能领取该奖励","type":0},
{"id":1124,"desc":"没有找到对手","type":0},
{"id":1201,"desc":"已经签过到了","type":0},
{"id":1202,"desc":"你今天已经分享过了","type":0},
{"id":1203,"desc":"你今天已经关注过了","type":0},
{"id":1204,"desc":"你当前还不能购买","type":0},
{"id":1205,"desc":"你已经购买过了","type":0},
{"id":1301,"desc":"文字内容长度错误","type":0},
{"id":1401,"desc":"用户名已存在","type":0},
{"id":1402,"desc":"用户昵称长度必须介于2-14个字符（1-7个汉字）","type":0},
{"id":1403,"desc":"当前名字不可用或含有非法字符","type":0},
{"id":1404,"desc":"宣言长度必须介于2-20个字符（1-10个汉字）","type":0},
{"id":1405,"desc":"包含非法字符","type":0},
{"id":1501,"desc":"需要先退出联盟才可以操作","type":0},
{"id":1502,"desc":"当前不能操作","type":0},
{"id":1601,"desc":"兑换码不存在或已经领取","type":0},
{"id":1602,"desc":"您已经领取了同类型的礼包","type":0},
{"id":1603,"desc":"该礼包每日最多领取一个","type":0},
{"id":1604,"desc":"该礼包每周最多领取一个","type":0},
{"id":1605,"desc":"该类型礼包已到领取上限","type":0},
{"id":1701,"desc":"您今天已经领取过了","type":0},
{"id":1702,"desc":"您当前还不能领取","type":0},
{"id":1703,"desc":"不能重复操作","type":0},
{"id":1704,"desc":"编号错误，请重新输入","type":0},
{"id":1801,"desc":"活动已结束","type":0},
{"id":1802,"desc":"无法领取礼包","type":0},
{"id":1803,"desc":"你已经领取过了","type":0},
{"id":1901,"desc":"当前还不能进行战斗","type":0},
{"id":1902,"desc":"已达购买上限","type":0},
{"id":1903,"desc":"领主品阶不足","type":0},
{"id":1904,"desc":"体力已经超过上限","type":0},
{"id":2001,"desc":"您没有报名资格或已经不在联盟中","type":0},
{"id":2002,"desc":"您已经不在联盟中或者没有派兵驻守资格","type":0},
{"id":2003,"desc":"您已经派兵驻守过了","type":0},
{"id":2004,"desc":"您已经不在联盟中或没有派兵，无法领奖","type":0},
{"id":2005,"desc":"您的联盟没有报名本次活动，无法领奖","type":0},
{"id":2006,"desc":"您的联盟没有占领宝藏，无法领奖","type":0},
{"id":2007,"desc":"您已经领取过奖励，无法再次领取","type":0}
]