[
{"lvl":1,"exp":120},
{"lvl":2,"exp":1053},
{"lvl":3,"exp":2051},
{"lvl":4,"exp":2521},
{"lvl":5,"exp":2884},
{"lvl":6,"exp":3084},
{"lvl":7,"exp":4548},
{"lvl":8,"exp":6412},
{"lvl":9,"exp":8724},
{"lvl":10,"exp":11532},
{"lvl":11,"exp":14884},
{"lvl":12,"exp":18828},
{"lvl":13,"exp":20261},
{"lvl":14,"exp":25127},
{"lvl":15,"exp":34692},
{"lvl":16,"exp":36298},
{"lvl":17,"exp":41576},
{"lvl":18,"exp":57612},
{"lvl":19,"exp":67044},
{"lvl":20,"exp":77452},
{"lvl":21,"exp":88884},
{"lvl":22,"exp":101388},
{"lvl":23,"exp":115012},
{"lvl":24,"exp":129804},
{"lvl":25,"exp":145812},
{"lvl":26,"exp":163084},
{"lvl":27,"exp":181668},
{"lvl":28,"exp":201612},
{"lvl":29,"exp":222964},
{"lvl":30,"exp":245772},
{"lvl":31,"exp":270084},
{"lvl":32,"exp":295948},
{"lvl":33,"exp":323412},
{"lvl":34,"exp":352524},
{"lvl":35,"exp":383332},
{"lvl":36,"exp":415884},
{"lvl":37,"exp":450228},
{"lvl":38,"exp":486412},
{"lvl":39,"exp":524484},
{"lvl":40,"exp":564492},
{"lvl":41,"exp":606484},
{"lvl":42,"exp":650508},
{"lvl":43,"exp":696612},
{"lvl":44,"exp":744844},
{"lvl":45,"exp":795252},
{"lvl":46,"exp":847884},
{"lvl":47,"exp":902788},
{"lvl":48,"exp":960012},
{"lvl":49,"exp":1019604},
{"lvl":50,"exp":1081612},
{"lvl":51,"exp":1146084},
{"lvl":52,"exp":1213068},
{"lvl":53,"exp":1282612},
{"lvl":54,"exp":1354764},
{"lvl":55,"exp":1429572},
{"lvl":56,"exp":1507084},
{"lvl":57,"exp":1587348},
{"lvl":58,"exp":1670412},
{"lvl":59,"exp":1756324},
{"lvl":60,"exp":1845132},
{"lvl":61,"exp":1936884},
{"lvl":62,"exp":2031628},
{"lvl":63,"exp":2129412},
{"lvl":64,"exp":2230284},
{"lvl":65,"exp":2334292},
{"lvl":66,"exp":2441484},
{"lvl":67,"exp":2551908},
{"lvl":68,"exp":3198735},
{"lvl":69,"exp":3632261},
{"lvl":70,"exp":4103285},
{"lvl":71,"exp":4613362},
{"lvl":72,"exp":5554498},
{"lvl":73,"exp":6615634},
{"lvl":74,"exp":7555781},
{"lvl":75,"exp":8581023},
{"lvl":76,"exp":9851061},
{"lvl":77,"exp":10626706},
{"lvl":78,"exp":11851061},
{"lvl":79,"exp":15851061},
{"lvl":80,"exp":17653639},
{"lvl":81,"exp":24626706},
{"lvl":82,"exp":29351061},
{"lvl":83,"exp":34926706},
{"lvl":84,"exp":41810782},
{"lvl":85,"exp":54177052},
{"lvl":86,"exp":59343707},
{"lvl":87,"exp":73174920},
{"lvl":88,"exp":88420516},
{"lvl":89,"exp":106827099},
{"lvl":90,"exp":113374203},
{"lvl":91,"exp":123423770},
{"lvl":92,"exp":129920627},
{"lvl":93,"exp":134470527},
{"lvl":94,"exp":138420163},
{"lvl":95,"exp":147557317},
{"lvl":96,"exp":160107821},
{"lvl":97,"exp":171255528},
{"lvl":98,"exp":182403236},
{"lvl":99,"exp":193550943},
{"lvl":100,"exp":204698651}
]