[
{"id":11,"type":2,"txt":"请点击图标,采集资源","bttn":""},
{"id":15,"type":2,"txt":"您真是聪慧过人,当资源不足时，随时点击收集资源。 ","bttn":""},
{"id":16,"type":1,"txt":"小提示：手指快速点击可以更快地采集资源","bttn":"领取"},
{"id":21,"type":2,"txt":"请建造‘农场’生产食物","bttn":""},
{"id":23,"type":3,"txt":"农场建成啦！从现在开始，每秒都会自动产生食物！","bttn":""},
{"id":24,"type":1,"txt":"小提示：农场，伐木场和采石场可以自动生产资源","bttn":"领取"},
{"id":31,"type":2,"txt":"科技功能开启，请前往研发科技","bttn":""},
{"id":41,"type":2,"txt":"科技研发成功！再稍稍努力就可以建造自己的军队了！","bttn":""},
{"id":42,"type":1,"txt":"小提示：研究科技可以大幅度提升帝国实力","bttn":"领取"},
{"id":51,"type":2,"txt":"请建造 ‘步兵营’，有了它就可以招募士兵了。","bttn":""},
{"id":53,"type":3,"txt":"步兵营建成啦！步兵营数量越多，可容纳的步兵越多！","bttn":""},
{"id":54,"type":1,"txt":"小提示：建造更多的兵营可招募更多的士兵","bttn":"领取"},
{"id":61,"type":2,"txt":"请招募5个‘步兵’，准备战斗吧！","bttn":""},
{"id":81,"type":2,"txt":"步兵招募完成！您已经有了自己的军队，领主大人请即刻领兵出发！","bttn":""},
{"id":91,"type":2,"txt":"漂亮的胜利！看来你已经做好了征服世界的准备！\n 热血沸腾中……\n\nPs.任务系统已开启，完成任务就能领奖励哦！","bttn":""}
]