{
"InvitedHelp":[
{"t":1,"d":"好友邀请规则\n"},
{"t":3,"d":"    1，被邀请人成功创建角色进入游戏后，即可在被邀请人列表中查看已被邀请进游戏的玩家。\n"},
{"t":3,"d":"    2，如果其他玩家输入了您的ID，则他们会成为你的被邀请者。\n"},
{"t":3,"d":"    3，每个玩家最多拥有10名被邀请者。 \n"},
{"t":3,"d":"    4，被邀请者达成相应的游戏目标后，您就可以领取丰厚的游戏奖励。 \n"},
{"t":3,"d":"    5，记得要多多邀请小伙伴哦，海量金币，装备等你来拿哦~ \n\n"}
],
"EquipHelp":[
{"t":1,"d":"装备概述\n"},
{"t":3,"d":"    装备用来给兵增加攻击和生命。每个兵可以穿戴一件加攻击的武器和一件加生命的防具\n"},
{"t":3,"d":"    每个武器或者防具都是专属于某种士兵的，比如石斧只给步兵加攻击力，猎人弓只给弓箭手加攻击力。"},
{"t":3,"d":"总共有8种不同类型的装备：给步兵加攻击、给步兵加生命、给弓手加攻击……给龙加攻击、给龙加生命\n"},
{"t":3,"d":"    同种类型装备有蓝绿橙三种品质，品质越高，装备效果越好。\n"},
{"t":3,"d":"    装备不会掉落，不会被掠夺。一旦获得，永久拥有。\n\n"},
{"t":1,"d":"装备的获得\n"},
{"t":3,"d":"    可以在主界面（游戏左下角的苹果状按钮）的装备宝箱中，花费金币或者装备碎片开宝箱获得\n"},
{"t":3,"d":"    装备碎片可以通过分解多余的装备获得\n\n"},
{"t":1,"d":"装备在战斗中的作用\n"},
{"t":3,"d":"    无需领主大人手动穿戴装备。战斗开始后士兵会自动穿戴装备。比如领主大人有100的步兵，50件步兵武器，那么100的步兵里有50人会自动穿戴武器，其他50人没有武器。"},
{"t":3,"d":"假如武器比兵多，比如领主大人有100步兵，200件步兵武器，那么100个步兵会自动穿戴200件步兵武器里最好的那100件，剩余100件武器由于没有步兵穿戴不会起作用\n"},
{"t":3,"d":"    战斗中的装备会按照刚进入战斗时所穿戴的装备计算。进入战斗后才获得的装备不会在本场战斗中起作用；同理，进入战斗后分解掉的装备在本场战斗中仍然起作用\n\n"},
{"t":1,"d":"士兵属性说明\n"},
{"t":3,"d":"步兵Ⅰ    攻击：10    生命：10\n"},
{"t":3,"d":"弓箭手Ⅰ  攻击：30    生命：30\n"},
{"t":3,"d":"骑兵Ⅰ    攻击：50    生命：50\n"},
{"t":3,"d":"龙Ⅰ      攻击：25000  生命：25000\n\n"},
{"t":3,"d":"步兵Ⅱ    攻击：11    生命：11\n"},
{"t":3,"d":"弓箭手Ⅱ  攻击：33    生命：33\n"},
{"t":3,"d":"骑兵Ⅱ    攻击：55    生命：55\n"},
{"t":3,"d":"龙Ⅱ      攻击：27500  生命：27500\n\n"},
{"t":3,"d":"步兵Ⅲ    攻击：12    生命：12\n"},
{"t":3,"d":"弓箭手Ⅲ  攻击：36    生命：36\n"},
{"t":3,"d":"骑兵Ⅲ    攻击：60    生命：60\n"},
{"t":3,"d":"龙Ⅲ      攻击：30000  生命：30000\n"},
{"t":3,"d":"兽族步兵Ⅲ    攻击：12    生命：15\n"},
{"t":3,"d":"巨魔投手Ⅲ  攻击：36    生命：45\n"},
{"t":3,"d":"狼骑兵Ⅲ    攻击：60    生命：75\n"},
{"t":3,"d":"角龙Ⅲ      攻击：35400  生命：35400\n"},
{"t":3,"d":"人族步兵Ⅲ    攻击：14    生命：14\n"},
{"t":3,"d":"火枪手Ⅲ  攻击：42    生命：42\n"},
{"t":3,"d":"圣殿骑士Ⅲ    攻击：75    生命：75\n"},
{"t":3,"d":"狮龙Ⅲ      攻击：30000  生命：37500\n"},
{"t":3,"d":"骷髅兵Ⅲ    攻击：15    生命：12\n"},
{"t":3,"d":"骷髅弓兵Ⅲ  攻击：45    生命：39\n"},
{"t":3,"d":"死灵骑兵Ⅲ    攻击：75    生命：60\n"},
{"t":3,"d":"骨龙Ⅲ      攻击：37500  生命：30000\n\n"},
{"t":3,"d":"步兵Ⅳ    攻击：13    生命：13\n"},
{"t":3,"d":"弓箭手Ⅳ  攻击：39    生命：39\n"},
{"t":3,"d":"骑兵Ⅳ    攻击：65    生命：65\n"},
{"t":3,"d":"龙Ⅳ      攻击：32500  生命：32500\n"},
{"t":3,"d":"兽族步兵Ⅳ    攻击：13    生命：16\n"},
{"t":3,"d":"巨魔投手Ⅳ  攻击：39    生命：49\n"},
{"t":3,"d":"狼骑兵Ⅳ    攻击：65    生命：81\n"},
{"t":3,"d":"角龙Ⅳ      攻击：38350  生命：38350\n"},
{"t":3,"d":"人族步兵Ⅳ    攻击：15    生命：15\n"},
{"t":3,"d":"火枪手Ⅳ  攻击：46    生命：46\n"},
{"t":3,"d":"圣殿骑士Ⅳ    攻击：75    生命：75\n"},
{"t":3,"d":"狮龙Ⅳ      攻击：32500  生命：40630\n"},
{"t":3,"d":"骷髅兵Ⅳ    攻击：16    生命：13\n"},
{"t":3,"d":"骷髅弓兵Ⅳ  攻击：49    生命：42\n"},
{"t":3,"d":"死灵骑兵Ⅳ    攻击：75    生命：60\n"},
{"t":3,"d":"骨龙Ⅳ      攻击：40625  生命：32500\n\n"},
{"t":3,"d":"步兵Ⅴ    攻击：14    生命：14\n"},
{"t":3,"d":"弓箭手Ⅴ  攻击：42    生命：42\n"},
{"t":3,"d":"骑兵Ⅴ    攻击：70    生命：70\n"},
{"t":3,"d":"龙Ⅴ      攻击：35000  生命：35000\n"},
{"t":3,"d":"兽族步兵Ⅴ    攻击：14    生命：17\n"},
{"t":3,"d":"巨魔投手Ⅴ  攻击：42    生命：53\n"},
{"t":3,"d":"狼骑兵Ⅴ    攻击：70    生命：87\n"},
{"t":3,"d":"角龙Ⅴ      攻击：41300  生命：41300\n"},
{"t":3,"d":"人族步兵Ⅴ    攻击：16    生命：16\n"},
{"t":3,"d":"火枪手Ⅴ  攻击：50    生命：50\n"},
{"t":3,"d":"圣殿骑士Ⅴ    攻击：81    生命：81\n"},
{"t":3,"d":"狮龙Ⅴ      攻击：35000  生命：43760\n"},
{"t":3,"d":"骷髅兵Ⅴ    攻击：17    生命：14\n"},
{"t":3,"d":"骷髅弓兵Ⅴ  攻击：53    生命：45\n"},
{"t":3,"d":"死灵骑兵Ⅴ    攻击：81    生命：65\n"},
{"t":3,"d":"骨龙Ⅴ      攻击：43750  生命：35000\n\n"},
{"t":3,"d":"兽族步兵Ⅵ    攻击：16    生命：19\n"},
{"t":3,"d":"巨魔投手Ⅵ  攻击：48    生命：61\n"},
{"t":3,"d":"狼骑兵Ⅵ    攻击：80    生命：99\n"},
{"t":3,"d":"角龙Ⅵ      攻击：47200  生命：47200\n"},
{"t":3,"d":"人族步兵Ⅵ    攻击：18    生命：18\n"},
{"t":3,"d":"火枪手Ⅵ  攻击：57    生命：57\n"},
{"t":3,"d":"圣殿骑士Ⅵ    攻击：93    生命：93\n"},
{"t":3,"d":"狮龙Ⅵ      攻击：40000  生命：50010\n"},
{"t":3,"d":"骷髅兵Ⅵ    攻击：19    生命：16\n"},
{"t":3,"d":"骷髅弓兵Ⅵ  攻击：61    生命：51\n"},
{"t":3,"d":"死灵骑兵Ⅵ    攻击：93    生命：74\n"},
{"t":3,"d":"骨龙Ⅵ      攻击：50000  生命：40000\n\n"},
{"t":3,"d":"兽族步兵Ⅶ    攻击：18    生命：21\n"},
{"t":3,"d":"巨魔投手Ⅶ  攻击：54    生命：69\n"},
{"t":3,"d":"狼骑兵Ⅶ    攻击：90    生命：111\n"},
{"t":3,"d":"角龙Ⅶ      攻击：53100  生命：53100\n"},
{"t":3,"d":"人族步兵Ⅶ    攻击：20    生命：20\n"},
{"t":3,"d":"火枪手Ⅶ  攻击：64    生命：64\n"},
{"t":3,"d":"圣殿骑士Ⅶ    攻击：105    生命：105\n"},
{"t":3,"d":"狮龙Ⅶ      攻击：45000  生命：56260\n"},
{"t":3,"d":"骷髅兵Ⅶ    攻击：21    生命：18\n"},
{"t":3,"d":"骷髅弓兵Ⅶ  攻击：69    生命：57\n"},
{"t":3,"d":"死灵骑兵Ⅶ    攻击：105    生命：83\n"},
{"t":3,"d":"骨龙Ⅶ      攻击：56250  生命：45000\n\n"},
{"t":3,"d":"兽族步兵Ⅷ    攻击：20    生命：23\n"},
{"t":3,"d":"巨魔投手Ⅷ  攻击：60    生命：77\n"},
{"t":3,"d":"狼骑兵Ⅷ    攻击：100    生命：123\n"},
{"t":3,"d":"角龙Ⅷ      攻击：59000  生命：59000\n"},
{"t":3,"d":"人族步兵Ⅷ    攻击：22    生命：22\n"},
{"t":3,"d":"火枪手Ⅷ  攻击：71    生命：71\n"},
{"t":3,"d":"圣殿骑士Ⅷ    攻击：117    生命：117\n"},
{"t":3,"d":"狮龙Ⅷ      攻击：50000  生命：62510\n"},
{"t":3,"d":"骷髅兵Ⅷ    攻击：23    生命：20\n"},
{"t":3,"d":"骷髅弓兵Ⅷ  攻击：77    生命：63\n"},
{"t":3,"d":"死灵骑兵Ⅷ    攻击：117    生命：92\n"},
{"t":3,"d":"骨龙Ⅷ      攻击：62500  生命：50000\n\n"},
{"t":3,"d":"兽族步兵Ⅸ    攻击：22    生命：25\n"},
{"t":3,"d":"巨魔投手Ⅸ  攻击：66    生命：85\n"},
{"t":3,"d":"狼骑兵Ⅸ    攻击：110    生命：135\n"},
{"t":3,"d":"角龙Ⅸ      攻击：64900  生命：64900\n"},
{"t":3,"d":"人族步兵Ⅸ    攻击：24    生命：24\n"},
{"t":3,"d":"火枪手Ⅸ  攻击：78    生命：78\n"},
{"t":3,"d":"圣殿骑士Ⅸ    攻击：129    生命：129\n"},
{"t":3,"d":"狮龙Ⅸ      攻击：55000  生命：68760\n"},
{"t":3,"d":"骷髅兵Ⅸ    攻击：25    生命：22\n"},
{"t":3,"d":"骷髅弓兵Ⅸ  攻击：85    生命：69\n"},
{"t":3,"d":"死灵骑兵Ⅸ    攻击：129    生命：101\n"},
{"t":3,"d":"骨龙Ⅸ      攻击：68750  生命：55000\n\n"},
{"t":3,"d":"兽族步兵Ⅹ    攻击：24    生命：27\n"},
{"t":3,"d":"巨魔投手Ⅹ  攻击：72    生命：93\n"},
{"t":3,"d":"狼骑兵Ⅹ    攻击：120    生命：147\n"},
{"t":3,"d":"角龙Ⅹ      攻击：70800  生命：70800\n"},
{"t":3,"d":"人族步兵Ⅹ    攻击：26    生命：26\n"},
{"t":3,"d":"火枪手Ⅹ  攻击：85    生命：85\n"},
{"t":3,"d":"圣殿骑士Ⅹ    攻击：141    生命：141\n"},
{"t":3,"d":"狮龙Ⅹ      攻击：60000  生命：75010\n"},
{"t":3,"d":"骷髅兵Ⅹ    攻击：27    生命：24\n"},
{"t":3,"d":"骷髅弓兵Ⅹ  攻击：93    生命：75\n"},
{"t":3,"d":"死灵骑兵Ⅹ    攻击：141    生命：110\n"},
{"t":3,"d":"骨龙Ⅹ      攻击：75000  生命：60000\n\n"}
],
"Help":[
{"t":1,"d":"月卡：\n"},
{"t":3,"d":"购买后当天返还250金币，以后每天可领取100金币，以及各种福利buff，为期30天（月卡有效期内总计获得3000金币）。\n\n"},
{"t":1,"d":"至尊卡\n"},
{"t":3,"d":"购买后当天返还800金币，以后每天可领取120金币，以及各种福利buff，永久有效。\n\n"},
{"t":1,"d":"Vip：\n"},
{"t":3,"d":"VIP等级是根据玩家购买的金币数量增长，月卡和首充赠送的金币不计算在内。\n"},
{"t":3,"d":"食物、木材、石头的生产速度增加将和其他增益相加后显示在顶部信息栏中。\n"},
{"t":3,"d":"科技研究时间减少仅作用于获得特权后开始研究的科技，获得特权前开始研究的不会减少时间。\n"},
{"t":3,"d":"招募士兵的冷却时间减少仅作用于获得特权后开始招募的士兵，获得特权前招募的不会减少时间。\n"},
{"t":3,"d":"购买体力的次数根据VIP等级，VIP等级越高，可购买体力的次数就越多。\n"},
{"t":3,"d":"复活士兵特权与奇迹叠加作用。\n\n"},
{"t":1,"d":"增益buff：\n"},
{"t":3,"d":"进入战斗的时候会检测增益buff。进入战斗后再购买buff，则buff不会在本场战斗中生效。\n"},
{"t":3,"d":"同样如果进入战斗的时候有buff，战斗过程中临时buff由于时间到了而消失，buff在本次战斗中仍生效。\n"},
{"t":3,"d":"商城购买的战斗buff和月卡福利中的战斗加成buff效果叠加。\n\n"},
{"t":1,"d":"基础资源：\n"},
{"t":3,"d":"食物，木材，石头是游戏的基础资源，通过点击采集或者建造资源生产建筑获得，请点击锤子图标查看。\n"},
{"t":3,"d":"农场产生食物，伐木场产生木头，采石场产生石头。\n\n"},
{"t":1,"d":"战争物资：\n"},
{"t":3,"d":"金属，皮革，马匹，龙晶是游戏的战争物资，通过工厂加工产生。\n"},
{"t":3,"d":"铁匠铺消耗石头生产金属（10个石头生产1个金属）。\n"},
{"t":3,"d":"皮革厂消耗木头生产皮革（10个木头生产1个皮革）。\n"},
{"t":3,"d":"马厩消耗食物生产马匹（10个食物生产1个马匹）。\n"},
{"t":3,"d":"龙晶矿消耗，金属，皮革，马匹生产龙晶（金属，皮革，马匹各5个生产一个龙晶）。\n\n"},
{"t":1,"d":"科技物资：\n"},
{"t":3,"d":"秘银和暗钢是游戏的科技资源。2-4级兵种升级科技需要使用秘银，5级兵种升级科技需要使用暗钢。\n"},
{"t":3,"d":"秘银与暗钢可以在 战斗--世界冒险中获得。世界冒险在领主品阶到达子爵后开启。\n\n"},
{"t":1,"d":"领地:\n"},
{"t":3,"d":"建造步兵营、弓手营、骑兵营、龙穴需要占用领地。领地为0时无法建造军营。领地通过主动攻打其他领主掠夺获得。"},
{"t":3,"d":"在杀死足够数量敌人的前提下，无论胜利失败都会获得领地。\n\n"},
{"t":1,"d":"建造：\n"},
{"t":3,"d":"建筑数量越多，生产速度越快。\n"},
{"t":3,"d":"建造建筑需要消耗材料，所拥有的建筑数量越多，建造所需的材料越多。\n"},
{"t":3,"d":"仓库越多，食物、木材、石头的储蓄量就越多。\n"},
{"t":3,"d":"转化战争物资的工厂可以手动开启或者关闭。\n"},
{"t":3,"d":"军事建筑的数量决定可以拥有士兵的上限。\n\n"},
{"t":1,"d":"奇迹：\n"},
{"t":3,"d":"光之神像、招魂神殿、圣光教堂三个奇迹：可以在每场战斗结束后复活死亡的兵，并且三种奇迹效果可以叠加。（三种奇迹最终可复活45%的兵）\n"},
{"t":3,"d":"建造联盟大厅之后，在【建造】-【奇迹】里可以建造奇迹。\n"},
{"t":3,"d":"复活士兵的奇迹复活一定比例的士兵。战斗结束时复活的士兵，不会超过士兵上限。\n"},
{"t":3,"d":"加速生产的建筑可以增加基础资源的生产速度。\n\n"},
{"t":1,"d":"科技：\n"},
{"t":3,"d":"科技可以提升资源的生产速度和转化速度，解锁新的兵种，提高士兵的品阶。研究科技可以极大地提升实力。\n\n"},
{"t":1,"d":"联盟：\n"},
{"t":3,"d":"每个联盟可以拥有两位副盟主，副盟主可以帮助盟主修改联盟宣言和管理成员。\n"},
{"t":3,"d":"盟主离开联盟之后，将由副盟主接替盟主的职位。\n"},
{"t":3,"d":"在联盟科技处捐献可以获得圣石，圣石可以用来建造奇迹。\n"},
{"t":3,"d":"战绩排名前十的联盟每周日晚10-11点可获得排名奖励。"},
{"t":3,"d":"排名奖励由联盟里战绩排名、战绩排名、战绩排名（重要的事情说三遍）前十的领主均分奖励。"},
{"t":3,"d":"比如10人分5000金币，每人得500金币。假如联盟只有1个人，那也只能得到500金币。\n"},
{"t":3,"d":"盟主超过5天不上线，联盟里任意一位成员可以通过点击【篡位】按钮成为新的盟主，原盟主变为普通成员。\n\n"},
{"t":1,"d":"排行榜：\n"},
{"t":3,"d":"只有活跃度超过5的玩家才会出现在排行榜上。活跃度可以通过点击采集、建造建筑、建造奇迹、研究科技提升。\n"},
{"t":3,"d":"造兵榜每天0点重新计算；战绩榜每周日晚24点清空一次。\n\n"},
{"t":1,"d":"领主战争：\n"},
{"t":3,"d":"战斗胜利会获得奖杯，奖杯到达一定数量后将提升领主品阶。\n"},
{"t":3,"d":"在领主战争里被其他玩家打败将被抢走一部分资源，主动进攻其他领主失败不会有资源损失。\n"},
{"t":3,"d":"领主品阶越高，战斗抢夺的资源越多。\n"},
{"t":3,"d":"领主品阶决定参战部队上限，领主品阶越高，参战部队的数量越多。\n"},
{"t":3,"d":"战力仅计算参战部队的综合实力。\n"},
{"t":3,"d":"战斗结束后，参战部队自动从兵营内补兵。\n\n"},
{"t":1,"d":"领主品阶对应的最大参战人数：\n"},
{"t":3,"d":"骑士品阶\n"},
{"t":3,"d":"步兵：1k  弓手：1k  骑士：1k  龙：10\n"},
{"t":3,"d":"子爵品阶\n"},
{"t":3,"d":"步兵：4k  弓手：4k  骑士：4k  龙：20\n"},
{"t":3,"d":"勋爵品阶\n"},
{"t":3,"d":"步兵：10k  弓手：10k  骑士：10k  龙：50\n"},
{"t":3,"d":"霸者品阶\n"},
{"t":3,"d":"步兵：20k  弓手：20k  骑士：20k  龙：100\n"},
{"t":3,"d":"列王品阶\n"},
{"t":3,"d":"步兵：40k  弓手：40k  骑士：40k  龙：200\n"},
{"t":3,"d":"帝国品阶\n"},
{"t":3,"d":"步兵：60k  弓手：60k  骑士：60k  龙：300\n"},
{"t":3,"d":"传说品阶\n"},
{"t":3,"d":"步兵：100k  弓手：100k  骑士：100k  龙：500\n"},
{"t":3,"d":"战神品阶\n"},
{"t":3,"d":"步兵：120k  弓手：120k  骑士：120k  龙：700\n\n"},
{"t":1,"d":"士兵属性说明\n"},
{"t":3,"d":"步兵Ⅰ    攻击：10    生命：10\n"},
{"t":3,"d":"弓箭手Ⅰ  攻击：30    生命：30\n"},
{"t":3,"d":"骑兵Ⅰ    攻击：50    生命：50\n"},
{"t":3,"d":"龙Ⅰ      攻击：25000  生命：25000\n\n"},
{"t":3,"d":"步兵Ⅱ    攻击：11    生命：11\n"},
{"t":3,"d":"弓箭手Ⅱ  攻击：33    生命：33\n"},
{"t":3,"d":"骑兵Ⅱ    攻击：55    生命：55\n"},
{"t":3,"d":"龙Ⅱ      攻击：27500  生命：27500\n\n"},
{"t":3,"d":"步兵Ⅲ    攻击：12    生命：12\n"},
{"t":3,"d":"弓箭手Ⅲ  攻击：36    生命：36\n"},
{"t":3,"d":"骑兵Ⅲ    攻击：60    生命：60\n"},
{"t":3,"d":"龙Ⅲ      攻击：30000  生命：30000\n"},
{"t":3,"d":"兽族步兵Ⅲ    攻击：12    生命：15\n"},
{"t":3,"d":"巨魔投手Ⅲ  攻击：36    生命：45\n"},
{"t":3,"d":"狼骑兵Ⅲ    攻击：60    生命：75\n"},
{"t":3,"d":"狮龙Ⅲ      攻击：30000  生命：37500\n"},
{"t":3,"d":"人族步兵Ⅲ    攻击：14    生命：14\n"},
{"t":3,"d":"火枪手Ⅲ  攻击：42    生命：42\n"},
{"t":3,"d":"圣殿骑士Ⅲ    攻击：75    生命：75\n"},
{"t":3,"d":"角龙Ⅲ      攻击：35400  生命：35400\n"},
{"t":3,"d":"骷髅兵Ⅲ    攻击：15    生命：12\n"},
{"t":3,"d":"骷髅弓兵Ⅲ  攻击：45    生命：39\n"},
{"t":3,"d":"死灵骑兵Ⅲ    攻击：75    生命：60\n"},
{"t":3,"d":"骨龙Ⅲ      攻击：37500  生命：30000\n\n"},
{"t":3,"d":"步兵Ⅳ    攻击：13    生命：13\n"},
{"t":3,"d":"弓箭手Ⅳ  攻击：39    生命：39\n"},
{"t":3,"d":"骑兵Ⅳ    攻击：65    生命：65\n"},
{"t":3,"d":"龙Ⅳ      攻击：32500  生命：32500\n"},
{"t":3,"d":"兽族步兵Ⅳ    攻击：13    生命：16\n"},
{"t":3,"d":"巨魔投手Ⅳ  攻击：39    生命：49\n"},
{"t":3,"d":"狼骑兵Ⅳ    攻击：65    生命：81\n"},
{"t":3,"d":"狮龙Ⅳ      攻击：32500  生命：40630\n"},
{"t":3,"d":"人族步兵Ⅳ    攻击：15    生命：15\n"},
{"t":3,"d":"火枪手Ⅳ  攻击：46    生命：46\n"},
{"t":3,"d":"圣殿骑士Ⅳ    攻击：81    生命：81\n"},
{"t":3,"d":"角龙Ⅳ      攻击：38350  生命：38350\n"},
{"t":3,"d":"骷髅兵Ⅳ    攻击：16    生命：13\n"},
{"t":3,"d":"骷髅弓兵Ⅳ  攻击：49    生命：42\n"},
{"t":3,"d":"死灵骑兵Ⅳ    攻击：81    生命：65\n"},
{"t":3,"d":"骨龙Ⅳ      攻击：40625  生命：32500\n\n"},
{"t":3,"d":"步兵Ⅴ    攻击：14    生命：14\n"},
{"t":3,"d":"弓箭手Ⅴ  攻击：42    生命：42\n"},
{"t":3,"d":"骑兵Ⅴ    攻击：70    生命：70\n"},
{"t":3,"d":"龙Ⅴ      攻击：35000  生命：35000\n"},
{"t":3,"d":"兽族步兵Ⅴ    攻击：14    生命：17\n"},
{"t":3,"d":"巨魔投手Ⅴ  攻击：42    生命：53\n"},
{"t":3,"d":"狼骑兵Ⅴ    攻击：70    生命：87\n"},
{"t":3,"d":"狮龙Ⅴ      攻击：35000  生命：43760\n"},
{"t":3,"d":"人族步兵Ⅴ    攻击：16    生命：16\n"},
{"t":3,"d":"火枪手Ⅴ  攻击：50    生命：50\n"},
{"t":3,"d":"圣殿骑士Ⅴ    攻击：87    生命：87\n"},
{"t":3,"d":"角龙Ⅴ      攻击：41300  生命：41300\n"},
{"t":3,"d":"骷髅兵Ⅴ    攻击：17    生命：14\n"},
{"t":3,"d":"骷髅弓兵Ⅴ  攻击：53    生命：45\n"},
{"t":3,"d":"死灵骑兵Ⅴ    攻击：87    生命：70\n"},
{"t":3,"d":"骨龙Ⅴ      攻击：43750  生命：35000\n\n"},
{"t":3,"d":"兽族步兵Ⅵ    攻击：16    生命：19\n"},
{"t":3,"d":"巨魔投手Ⅵ  攻击：48    生命：61\n"},
{"t":3,"d":"狼骑兵Ⅵ    攻击：80    生命：99\n"},
{"t":3,"d":"狮龙Ⅵ      攻击：40000  生命：50010\n"},
{"t":3,"d":"人族步兵Ⅵ    攻击：18    生命：18\n"},
{"t":3,"d":"火枪手Ⅵ  攻击：57    生命：57\n"},
{"t":3,"d":"圣殿骑士Ⅵ    攻击：99    生命：99\n"},
{"t":3,"d":"角龙Ⅵ      攻击：47200  生命：47200\n"},
{"t":3,"d":"骷髅兵Ⅵ    攻击：19    生命：16\n"},
{"t":3,"d":"骷髅弓兵Ⅵ  攻击：61    生命：51\n"},
{"t":3,"d":"死灵骑兵Ⅵ    攻击：99    生命：80\n"},
{"t":3,"d":"骨龙Ⅵ      攻击：50000  生命：40000\n\n"},
{"t":3,"d":"兽族步兵Ⅶ    攻击：18    生命：21\n"},
{"t":3,"d":"巨魔投手Ⅶ  攻击：54    生命：69\n"},
{"t":3,"d":"狼骑兵Ⅶ    攻击：90    生命：111\n"},
{"t":3,"d":"狮龙Ⅶ      攻击：45000  生命：56260\n"},
{"t":3,"d":"人族步兵Ⅶ    攻击：20    生命：20\n"},
{"t":3,"d":"火枪手Ⅶ  攻击：64    生命：64\n"},
{"t":3,"d":"圣殿骑士Ⅶ    攻击：111    生命：111\n"},
{"t":3,"d":"角龙Ⅶ      攻击：53100  生命：53100\n"},
{"t":3,"d":"骷髅兵Ⅶ    攻击：21    生命：18\n"},
{"t":3,"d":"骷髅弓兵Ⅶ  攻击：69    生命：57\n"},
{"t":3,"d":"死灵骑兵Ⅶ    攻击：111    生命：90\n"},
{"t":3,"d":"骨龙Ⅶ      攻击：56250  生命：45000\n\n"},
{"t":3,"d":"兽族步兵Ⅷ    攻击：20    生命：23\n"},
{"t":3,"d":"巨魔投手Ⅷ  攻击：60    生命：77\n"},
{"t":3,"d":"狼骑兵Ⅷ    攻击：100    生命：123\n"},
{"t":3,"d":"狮龙Ⅷ      攻击：50000  生命：62510\n"},
{"t":3,"d":"人族步兵Ⅷ    攻击：22    生命：22\n"},
{"t":3,"d":"火枪手Ⅷ  攻击：71    生命：71\n"},
{"t":3,"d":"圣殿骑士Ⅷ    攻击：123    生命：123\n"},
{"t":3,"d":"角龙Ⅷ      攻击：59000  生命：59000\n"},
{"t":3,"d":"骷髅兵Ⅷ    攻击：23    生命：20\n"},
{"t":3,"d":"骷髅弓兵Ⅷ  攻击：77    生命：63\n"},
{"t":3,"d":"死灵骑兵Ⅷ    攻击：123    生命：100\n"},
{"t":3,"d":"骨龙Ⅷ      攻击：62500  生命：50000\n\n"},
{"t":3,"d":"兽族步兵Ⅸ    攻击：22    生命：25\n"},
{"t":3,"d":"巨魔投手Ⅸ  攻击：66    生命：85\n"},
{"t":3,"d":"狼骑兵Ⅸ    攻击：110    生命：135\n"},
{"t":3,"d":"狮龙Ⅸ      攻击：55000  生命：68760\n"},
{"t":3,"d":"人族步兵Ⅸ    攻击：24    生命：24\n"},
{"t":3,"d":"火枪手Ⅸ  攻击：78    生命：78\n"},
{"t":3,"d":"圣殿骑士Ⅸ    攻击：135    生命：135\n"},
{"t":3,"d":"角龙Ⅸ      攻击：64900  生命：64900\n"},
{"t":3,"d":"骷髅兵Ⅸ    攻击：25    生命：22\n"},
{"t":3,"d":"骷髅弓兵Ⅸ  攻击：85    生命：69\n"},
{"t":3,"d":"死灵骑兵Ⅸ    攻击：135    生命：110\n"},
{"t":3,"d":"骨龙Ⅸ      攻击：68750  生命：55000\n\n"},
{"t":3,"d":"兽族步兵Ⅹ    攻击：24    生命：27\n"},
{"t":3,"d":"巨魔投手Ⅹ  攻击：72    生命：93\n"},
{"t":3,"d":"狼骑兵Ⅹ    攻击：120    生命：147\n"},
{"t":3,"d":"狮龙Ⅹ      攻击：60000  生命：75010\n"},
{"t":3,"d":"人族步兵Ⅹ    攻击：26    生命：26\n"},
{"t":3,"d":"火枪手Ⅹ  攻击：85    生命：85\n"},
{"t":3,"d":"圣殿骑士Ⅹ    攻击：147    生命：147\n"},
{"t":3,"d":"角龙Ⅹ      攻击：70800  生命：70800\n"},
{"t":3,"d":"骷髅兵Ⅹ    攻击：27    生命：24\n"},
{"t":3,"d":"骷髅弓兵Ⅹ  攻击：93    生命：75\n"},
{"t":3,"d":"死灵骑兵Ⅹ    攻击：147    生命：120\n"},
{"t":3,"d":"骨龙Ⅹ      攻击：75000  生命：60000\n\n"},
{"t":1,"d":"商店：\n"},
{"t":3,"d":"商店里可以购买到金币，基础资源，战争资源和增益buff以及护盾。\n"},
{"t":3,"d":"商店购买的资源可以超过仓库上限。\n\n"},
{"t":1,"d":"离线挂机：\n"},
{"t":3,"d":"玩家离线后仍可获得收益，但离线收益较少。\n"},
{"t":3,"d":" 提升VIP等级可以增加离线收益。"}
],
"UnionHelp":[
{"t":1,"d":"活动时间:\n"},
{"t":3,"d":"每周二，周六，20:00—21:00 \n\n"},
{"t":1,"d":"如何抢夺王座:\n"},
{"t":3,"d":"王座被一定数量的王座守卫守护着，所有联盟在活动期间一起攻打王座守卫。\n\n"},
{"t":3,"d":"当所有王座守卫被击杀完，活动提前结束。击杀王座守卫排行榜中排名第一的联盟抢得王座，当国王！超过21点，王座守卫未被击杀完，则本次抢夺失败，国王继续连任。\n\n"},
{"t":3,"d":"抢夺王座过程中，您选择的进攻联盟有护盾保护时，可以攻打王座守卫。\n\n"},
{"t":1,"d":"如何防守王座\n"},
{"t":3,"d":"上次夺得王座的联盟需要在本次防守王座。\n\n"},
{"t":3,"d":"防守只能通过王座守卫进行防守，防守王座的联盟成员不能直接派遣自己的士兵参与防守。"},
{"t":3,"d":"防守联盟初始会有一定数量的王座守卫，还可以在防守期间招募更多的王座守卫。"},
{"t":3,"d":"王座守卫剩余数量为0时，防守失败，活动提前结束，进攻方排名第一的联盟夺得王座。防守成功，继续连任。\n\n"},
{"t":3,"d":"防守王座的联盟可以在活动期间进攻其他的联盟，消耗他们的部队。\n\n"},
{"t":1,"d":"王座守卫数量计算方式\n"},
{"t":3,"d":"第一任国王的初始守卫数量是300K。每一次更换了国王之后初始数量增加100K。如果国王连任，则初始守卫数量不变。\n"},
{"t":3,"d":"举例说明：假如联盟A抢夺到了王座，初始守卫数量变成了400K。则本次其他联盟攻打A联盟有三种结果：\n"},
{"t":3,"d":"结果1：联盟B抢得了王座，则下一次联盟B防守，初始守卫数量变为500K\n"},
{"t":3,"d":"结果2：联盟A的守卫被打到不足400K，但是没被打光。则联盟Ａ连任王座，下一次的初始守卫数量是400K\n"},
{"t":3,"d":"结果3：联盟A通过招募，在活动结束时仍然有超过400K的守卫（假如是560K），则A连任王座，下一次初始守卫数量是560K\n\n"},
{"t":1,"d":"奖励说明:\n"},
{"t":2,"d":"所有联盟成员单场战斗胜利：\n"},
{"t":3,"d":"随机1~2个宝箱\n"},
{"t":3,"d":"奖励将在每场战斗完成后通过邮件发送\n"},
{"t":3,"d":"最多可获得20次单场胜利奖励\n\n"},
{"t":2,"d":"击杀王座守卫排行榜奖励：\n"},
{"t":3,"d":"第1名：\n"},
{"t":3,"d":"       联盟内排名前3 黄金宝箱*30\n"},
{"t":3,"d":"       联盟内排名4—10 黄金宝箱*10\n"},
{"t":3,"d":"       联盟内排名11—20 黄金宝箱*6\n"},
{"t":3,"d":"第2名：\n"},
{"t":3,"d":"       联盟内排名前3 黄金宝箱*20 \n"},
{"t":3,"d":"       联盟内排名4—10 黄金宝箱*8\n"},
{"t":3,"d":"       联盟内排名11—20 黄金宝箱*4\n"},
{"t":3,"d":"第3名：\n"},
{"t":3,"d":"       联盟内排名前3 黄金宝箱*15\n"},
{"t":3,"d":"       联盟内排名4—10 黄金宝箱*6 \n"},
{"t":3,"d":"       联盟内排名11—20 黄金宝箱*2\n"},
{"t":3,"d":"第4—6名：\n"},
{"t":3,"d":"       联盟内排名前3 黄金宝箱*6 \n"},
{"t":3,"d":"       联盟内排名4—10 黄金宝箱*2 \n"},
{"t":3,"d":"       联盟内排名11—20 黄金宝箱*1\n"},
{"t":3,"d":"第7—10名：\n"},
{"t":3,"d":"       联盟内排名前3 黄金宝箱*2 \n"},
{"t":3,"d":"       联盟内排名4—10 黄金宝箱*1 \n"},
{"t":3,"d":"       联盟内排名11—20 白银宝箱*2\n"},
{"t":3,"d":"第11—20名：\n"},
{"t":3,"d":"       联盟内排名前3 黄金宝箱*1 \n"},
{"t":3,"d":"       联盟内排名4—10 白银宝箱*2 \n"},
{"t":3,"d":"       联盟内排名11—20 白银宝箱*1\n\n"},
{"t":2,"d":"防守王座守卫奖励（即防守的公会获得的奖励）：\n"},
{"t":3,"d":"成功：\n"},
{"t":3,"d":"       联盟内排名前3 黄金宝箱*30\n"},
{"t":3,"d":"       联盟内排名4—10 黄金宝箱*10\n"},
{"t":3,"d":"       联盟内排名11—20 黄金宝箱*6\n"},
{"t":3,"d":"失败：\n"},
{"t":3,"d":"       联盟内排名前3 黄金宝箱*10\n"},
{"t":3,"d":"       联盟内排名4—10 黄金宝箱*3\n"},
{"t":3,"d":"       联盟内排名11—20 黄金宝箱*1\n\n"},
{"t":3,"d":"联盟中无成绩的玩家不会获得奖励。\n\n"},
{"t":3,"d":"排行榜奖励和防守王座奖励将于活动结束当天22:00通过邮件发放。\n\n"},
{"t":1,"d":"国王特权\n"},
{"t":3,"d":"       占领王座的联盟盟主即本国国王，国王每天首次上线时昭告全国，享万民朝拜！\n\n"},
{"t":1,"d":"王座争霸期间更换联盟\n"},
{"t":3,"d":"       王座争霸期间，无论领主更换了多少次联盟，只会按照发奖时候（晚上10点）领主所在的联盟来发奖。\n"},
{"t":3,"d":"       如果发奖的时候（晚上10点）领主在进攻的联盟，那么计算您的击杀守卫数来发奖。\n"},
{"t":3,"d":"       如果发奖的时候（晚上10点）领主在防守的联盟，那么计算您的招募守卫数来发奖。\n"},
{"t":3,"d":"       离开联盟将清除您在王座争霸活动中的数据，比如您在A联盟击杀了300K守卫，如果您退出A联盟之后，"},
{"t":3,"d":"您的击杀守卫变成了0.这时候无论您加入B联盟还是重新加入A联盟，您击杀的守卫都是0。\n"},
{"t":2,"d":"       所以建议您在王座争霸期间不要更换联盟。"}
],
"ArmyHelp":[
{"t":1,"d":"参战部队上限\n"},
{"t":3,"d":"    参战部队的上限MAX 由领主品阶的高低决定，领主品阶越高，可带领的参战部队上限MAX越大\n"},
{"t":3,"d":"    在领主战争里攻打其他领主可获得奖杯，奖杯每到达一定数量，可以进阶到相应的领主品阶\n\n"},
{"t":1,"d":"兵营上限\n"},
{"t":3,"d":"    兵营上限代表了领主士兵总数的多少。参战部队上限MAX是真正出去参与战斗的士兵。"},
{"t":3,"d":"假如领主有4000步兵，300弓手，0骑兵，0龙。 领主处于骑士品阶，参战部队上限MAX分别是1000,1000,1000,10。"},
{"t":3,"d":"那么领主下次战斗将会有1000步兵，300弓手，0骑兵，0龙参与战斗\n"},
{"t":3,"d":"    战斗力的计算只计算参战部队的战斗力\n\n"},
{"t":1,"d":"领主品阶对应的最大参战人数：\n"},
{"t":3,"d":"骑士品阶\n"},
{"t":3,"d":"步兵：1k  弓手：1k  骑士：1k  龙：10\n"},
{"t":3,"d":"子爵品阶\n"},
{"t":3,"d":"步兵：4k  弓手：4k  骑士：4k  龙：20\n"},
{"t":3,"d":"勋爵品阶\n"},
{"t":3,"d":"步兵：10k  弓手：10k  骑士：10k  龙：50\n"},
{"t":3,"d":"霸者品阶\n"},
{"t":3,"d":"步兵：20k  弓手：20k  骑士：20k  龙：100\n"},
{"t":3,"d":"列王品阶\n"},
{"t":3,"d":"步兵：40k  弓手：40k  骑士：40k  龙：200\n"},
{"t":3,"d":"帝国品阶\n"},
{"t":3,"d":"步兵：60k  弓手：60k  骑士：60k  龙：300\n"},
{"t":3,"d":"传说品阶\n"},
{"t":3,"d":"步兵：100k  弓手：100k  骑士：100k  龙：500\n"},
{"t":3,"d":"战神品阶\n"},
{"t":3,"d":"步兵：120k  弓手：120k  骑士：120k  龙：700\n\n"}
],
"UnionBonusHelp":[
{"t":3,"d":"红包最多存在24小时，24小时之后红包消失。 \n\n"},
{"t":3,"d":"红包是发给联盟其他兄弟姐妹的福利，玩家不可以领取自己发的红包。\n\n"},
{"t":3,"d":"不同充值额度发放的红包如下：\n"},
{"t":3,"d":"充值2元：   金币*2   数量*1\n"},
{"t":3,"d":"充值10元：  金币*5   数量*2\n"},
{"t":3,"d":"充值25元：  金币*5   数量*5\n"},
{"t":3,"d":"充值30元：  金币*5   数量*6\n"},
{"t":3,"d":"充值80元：  金币*10  数量*10\n"},
{"t":3,"d":"充值100元： 金币*15  数量*10\n"},
{"t":3,"d":"充值500元： 金币*50  数量*15\n"},
{"t":3,"d":"充值2000元：金币*99  数量*18"}
],
"TreasuresHelp":[
{"t":3,"d":"红包最多存在24小时，24小时之后红包消失。 \n\n"},
{"t":3,"d":"红包是发给联盟其他兄弟姐妹的福利，玩家不可以领取自己发的红包。\n\n"},
{"t":3,"d":"不同充值额度发放的红包如下：\n"},
{"t":3,"d":"充值2元：   金币*2   数量*1\n"},
{"t":3,"d":"充值10元：  金币*5   数量*2\n"},
{"t":3,"d":"充值25元：  金币*5   数量*5\n"},
{"t":3,"d":"充值30元：  金币*5   数量*6\n"},
{"t":3,"d":"充值80元：  金币*10  数量*10\n"},
{"t":3,"d":"充值100元： 金币*15  数量*10\n"},
{"t":3,"d":"充值500元： 金币*50  数量*15\n"},
{"t":3,"d":"充值2000元：金币*99  数量*18"}
],
"KillsHelp":[
{"t":1,"d":"决战之巅，为了勇气与荣耀！\n"},
{"t":3,"d":"        根据活动结束当天具体时间的战绩榜排名发放奖励\n"},
{"t":3,"d":"        榜单以活动结束当天公告中显示的时间排名为准\n"},
{"t":3,"d":"        奖励将在活动结束当天发放到邮箱\n"}
],
"TrophyHelp":[
{"t":1,"d":"决战之巅，为了勇气与荣耀！\n"},
{"t":3,"d":"        根据活动结束当天具体时间的奖杯榜排名发放奖励\n"},
{"t":3,"d":"        榜单以活动结束当天公告中显示的时间排名为准\n"},
{"t":3,"d":"        奖励将在活动结束当天发放到邮箱\n"}
],
"SoldiersHelp":[
{"t":1,"d":"决战之巅，为了勇气与荣耀！\n"},
{"t":3,"d":"        活动期间，每天根据23点的造兵榜排名发放奖励\n"},
{"t":3,"d":"        榜单以当天23点排名为准，请23点—24点之间进入排行榜查看最新排名\n"},
{"t":3,"d":"       奖励将在每天23点—24点发放到邮箱\n"}
],
"TitleHelp":[
{"t":1,"d":"称号\n"},
{"t":3,"d":"        称号使用后可在主界面和聊天中显示\n"},
{"t":3,"d":"        在主界面和聊天中只会显示第一个称号，如果首位没有生效称号，则会显示次位称号，依次类推\n"}
],
"ArmsSelection":[
{"t":1,"d":"简介\n"},
{"t":3,"d":"        领主在某个种族的崇拜度达到100%后即可召唤该种族的士兵为您作战（领主所有士兵至少全部达到3级才可选择其他种族为您而战）。\n"},
{"t":3,"d":"        切换种族之后，士兵的数量不变、士兵等级不变、招募士兵所需资源不变。比如之前是4,4,3,3级的兽族兵各100,200,300,400个，那么切换成亡灵族之后，会变成4,4,3,3的亡灵兵各100,200,300,400个。\n\n"},
{"t":1,"d":"克制关系\n"},
{"t":3,"d":"        种族之间有相互克制关系：兽族克制人族，人族克制亡灵，亡灵克制兽族；兽族、人族、亡灵全部克制未选择种族的基础士兵。\n"},
{"t":3,"d":"        克制表示战斗中对被克制的种族造成额外10%的伤害。兽族克制人族，那么兽族士兵对人族士兵造成的伤害额外增加10%\n\n"},
{"t":1,"d":"各种族的士兵属性介绍\n"},
{"t":3,"d":"步兵Ⅰ    攻击：10    生命：10\n"},
{"t":3,"d":"弓箭手Ⅰ  攻击：30    生命：30\n"},
{"t":3,"d":"骑兵Ⅰ    攻击：50    生命：50\n"},
{"t":3,"d":"龙Ⅰ      攻击：25000  生命：25000\n\n"},
{"t":3,"d":"步兵Ⅱ    攻击：11    生命：11\n"},
{"t":3,"d":"弓箭手Ⅱ  攻击：33    生命：33\n"},
{"t":3,"d":"骑兵Ⅱ    攻击：55    生命：55\n"},
{"t":3,"d":"龙Ⅱ      攻击：27500  生命：27500\n\n"},
{"t":3,"d":"步兵Ⅲ    攻击：12    生命：12\n"},
{"t":3,"d":"弓箭手Ⅲ  攻击：36    生命：36\n"},
{"t":3,"d":"骑兵Ⅲ    攻击：60    生命：60\n"},
{"t":3,"d":"龙Ⅲ      攻击：30000  生命：30000\n"},
{"t":3,"d":"兽族步兵Ⅲ    攻击：12    生命：15\n"},
{"t":3,"d":"巨魔投手Ⅲ  攻击：36    生命：45\n"},
{"t":3,"d":"狼骑兵Ⅲ    攻击：60    生命：75\n"},
{"t":3,"d":"狮龙Ⅲ      攻击：30000  生命：37500\n"},
{"t":3,"d":"人族步兵Ⅲ    攻击：14    生命：14\n"},
{"t":3,"d":"火枪手Ⅲ  攻击：42    生命：42\n"},
{"t":3,"d":"圣殿骑士Ⅲ    攻击：75    生命：75\n"},
{"t":3,"d":"角龙Ⅲ      攻击：35400  生命：35400\n"},
{"t":3,"d":"骷髅兵Ⅲ    攻击：15    生命：12\n"},
{"t":3,"d":"骷髅弓兵Ⅲ  攻击：45    生命：39\n"},
{"t":3,"d":"死灵骑兵Ⅲ    攻击：75    生命：60\n"},
{"t":3,"d":"骨龙Ⅲ      攻击：37500  生命：30000\n\n"},
{"t":3,"d":"步兵Ⅳ    攻击：13    生命：13\n"},
{"t":3,"d":"弓箭手Ⅳ  攻击：39    生命：39\n"},
{"t":3,"d":"骑兵Ⅳ    攻击：65    生命：65\n"},
{"t":3,"d":"龙Ⅳ      攻击：32500  生命：32500\n"},
{"t":3,"d":"兽族步兵Ⅳ    攻击：13    生命：16\n"},
{"t":3,"d":"巨魔投手Ⅳ  攻击：39    生命：49\n"},
{"t":3,"d":"狼骑兵Ⅳ    攻击：65    生命：81\n"},
{"t":3,"d":"狮龙Ⅳ      攻击：32500  生命：40630\n"},
{"t":3,"d":"人族步兵Ⅳ    攻击：15    生命：15\n"},
{"t":3,"d":"火枪手Ⅳ  攻击：46    生命：46\n"},
{"t":3,"d":"圣殿骑士Ⅳ    攻击：81    生命：81\n"},
{"t":3,"d":"角龙Ⅳ      攻击：38350  生命：38350\n"},
{"t":3,"d":"骷髅兵Ⅳ    攻击：16    生命：13\n"},
{"t":3,"d":"骷髅弓兵Ⅳ  攻击：49    生命：42\n"},
{"t":3,"d":"死灵骑兵Ⅳ    攻击：81    生命：65\n"},
{"t":3,"d":"骨龙Ⅳ      攻击：40625  生命：32500\n\n"},
{"t":3,"d":"步兵Ⅴ    攻击：14    生命：14\n"},
{"t":3,"d":"弓箭手Ⅴ  攻击：42    生命：42\n"},
{"t":3,"d":"骑兵Ⅴ    攻击：70    生命：70\n"},
{"t":3,"d":"龙Ⅴ      攻击：35000  生命：35000\n"},
{"t":3,"d":"兽族步兵Ⅴ    攻击：14    生命：17\n"},
{"t":3,"d":"巨魔投手Ⅴ  攻击：42    生命：53\n"},
{"t":3,"d":"狼骑兵Ⅴ    攻击：70    生命：87\n"},
{"t":3,"d":"狮龙Ⅴ      攻击：35000  生命：43760\n"},
{"t":3,"d":"人族步兵Ⅴ    攻击：16    生命：16\n"},
{"t":3,"d":"火枪手Ⅴ  攻击：50    生命：50\n"},
{"t":3,"d":"圣殿骑士Ⅴ    攻击：87    生命：87\n"},
{"t":3,"d":"角龙Ⅴ      攻击：41300  生命：41300\n"},
{"t":3,"d":"骷髅兵Ⅴ    攻击：17    生命：14\n"},
{"t":3,"d":"骷髅弓兵Ⅴ  攻击：53    生命：45\n"},
{"t":3,"d":"死灵骑兵Ⅴ    攻击：87    生命：70\n"},
{"t":3,"d":"骨龙Ⅴ      攻击：43750  生命：35000\n\n"},
{"t":3,"d":"兽族步兵Ⅵ    攻击：16    生命：19\n"},
{"t":3,"d":"巨魔投手Ⅵ  攻击：48    生命：61\n"},
{"t":3,"d":"狼骑兵Ⅵ    攻击：80    生命：99\n"},
{"t":3,"d":"狮龙Ⅵ      攻击：40000  生命：50010\n"},
{"t":3,"d":"人族步兵Ⅵ    攻击：18    生命：18\n"},
{"t":3,"d":"火枪手Ⅵ  攻击：57    生命：57\n"},
{"t":3,"d":"圣殿骑士Ⅵ    攻击：99    生命：99\n"},
{"t":3,"d":"角龙Ⅵ      攻击：47200  生命：47200\n"},
{"t":3,"d":"骷髅兵Ⅵ    攻击：19    生命：16\n"},
{"t":3,"d":"骷髅弓兵Ⅵ  攻击：61    生命：51\n"},
{"t":3,"d":"死灵骑兵Ⅵ    攻击：99    生命：80\n"},
{"t":3,"d":"骨龙Ⅵ      攻击：50000  生命：40000\n\n"},
{"t":3,"d":"兽族步兵Ⅶ    攻击：18    生命：21\n"},
{"t":3,"d":"巨魔投手Ⅶ  攻击：54    生命：69\n"},
{"t":3,"d":"狼骑兵Ⅶ    攻击：90    生命：111\n"},
{"t":3,"d":"狮龙Ⅶ      攻击：45000  生命：56260\n"},
{"t":3,"d":"人族步兵Ⅶ    攻击：20    生命：20\n"},
{"t":3,"d":"火枪手Ⅶ  攻击：64    生命：64\n"},
{"t":3,"d":"圣殿骑士Ⅶ    攻击：111    生命：111\n"},
{"t":3,"d":"角龙Ⅶ      攻击：53100  生命：53100\n"},
{"t":3,"d":"骷髅兵Ⅶ    攻击：21    生命：18\n"},
{"t":3,"d":"骷髅弓兵Ⅶ  攻击：69    生命：57\n"},
{"t":3,"d":"死灵骑兵Ⅶ    攻击：111    生命：90\n"},
{"t":3,"d":"骨龙Ⅶ      攻击：56250  生命：45000\n\n"},
{"t":3,"d":"兽族步兵Ⅷ    攻击：20    生命：23\n"},
{"t":3,"d":"巨魔投手Ⅷ  攻击：60    生命：77\n"},
{"t":3,"d":"狼骑兵Ⅷ    攻击：100    生命：123\n"},
{"t":3,"d":"狮龙Ⅷ      攻击：50000  生命：62510\n"},
{"t":3,"d":"人族步兵Ⅷ    攻击：22    生命：22\n"},
{"t":3,"d":"火枪手Ⅷ  攻击：71    生命：71\n"},
{"t":3,"d":"圣殿骑士Ⅷ    攻击：123    生命：123\n"},
{"t":3,"d":"角龙Ⅷ      攻击：59000  生命：59000\n"},
{"t":3,"d":"骷髅兵Ⅷ    攻击：23    生命：20\n"},
{"t":3,"d":"骷髅弓兵Ⅷ  攻击：77    生命：63\n"},
{"t":3,"d":"死灵骑兵Ⅷ    攻击：123    生命：100\n"},
{"t":3,"d":"骨龙Ⅷ      攻击：62500  生命：50000\n\n"},
{"t":3,"d":"兽族步兵Ⅸ    攻击：22    生命：25\n"},
{"t":3,"d":"巨魔投手Ⅸ  攻击：66    生命：85\n"},
{"t":3,"d":"狼骑兵Ⅸ    攻击：110    生命：135\n"},
{"t":3,"d":"狮龙Ⅸ      攻击：55000  生命：68760\n"},
{"t":3,"d":"人族步兵Ⅸ    攻击：24    生命：24\n"},
{"t":3,"d":"火枪手Ⅸ  攻击：78    生命：78\n"},
{"t":3,"d":"圣殿骑士Ⅸ    攻击：135    生命：135\n"},
{"t":3,"d":"角龙Ⅸ      攻击：64900  生命：64900\n"},
{"t":3,"d":"骷髅兵Ⅸ    攻击：25    生命：22\n"},
{"t":3,"d":"骷髅弓兵Ⅸ  攻击：85    生命：69\n"},
{"t":3,"d":"死灵骑兵Ⅸ    攻击：135    生命：110\n"},
{"t":3,"d":"骨龙Ⅸ      攻击：68750  生命：55000\n\n"},
{"t":3,"d":"兽族步兵Ⅹ    攻击：24    生命：27\n"},
{"t":3,"d":"巨魔投手Ⅹ  攻击：72    生命：93\n"},
{"t":3,"d":"狼骑兵Ⅹ    攻击：120    生命：147\n"},
{"t":3,"d":"狮龙Ⅹ      攻击：60000  生命：75010\n"},
{"t":3,"d":"人族步兵Ⅹ    攻击：26    生命：26\n"},
{"t":3,"d":"火枪手Ⅹ  攻击：85    生命：85\n"},
{"t":3,"d":"圣殿骑士Ⅹ    攻击：147    生命：147\n"},
{"t":3,"d":"角龙Ⅹ      攻击：70800  生命：70800\n"},
{"t":3,"d":"骷髅兵Ⅹ    攻击：27    生命：24\n"},
{"t":3,"d":"骷髅弓兵Ⅹ  攻击：93    生命：75\n"},
{"t":3,"d":"死灵骑兵Ⅹ    攻击：147    生命：120\n"},
{"t":3,"d":"骨龙Ⅹ      攻击：75000  生命：60000\n\n"}
],
"LordDuel":[
{"t":1,"d":"领主对决\n"},
{"t":3,"d":"        可以攻打系统推荐的领主，也可以精确搜索对手\n"},
{"t":3,"d":"        每位领主每天有3次免费机会攻打其他领主，系统推荐领主和搜索领主共计攻打次数\n"}
],
"TreasuresHelp":[
{"t":1,"d":"简介\n"},
{"t":3,"d":"        宝藏战是以联盟为单位的跨服夺宝活动，目前为试玩期，战斗暂不耗兵，但仍可获得实用道具。\n"},
{"t":3,"d":"        本文最后是详细机制介绍\n\n"},
{"t":1,"d":"报名时段00:00-11:29\n"},
{"t":3,"d":"        盟主或副盟主代表联盟报名。如果错过报名时段没有报名，整个联盟所有成员当日将无法参加宝藏战争活动。\n\n"},
{"t":1,"d":"分组时段11:30-11:59\n"},
{"t":3,"d":"        分组阶段，系统会根据报名联盟的积分给所有联盟分到不同赛区，越高级的赛区奖励越高。"},
{"t":3,"d":"联盟建立之后有1000的初始积分，以后在宝藏战中会根据战斗胜负变化联盟的积分。\n"},
{"t":3,"d":"        联盟积分和赛区对应关系：\n"},
{"t":3,"d":"        3500分及以上  黄金赛区\n"},
{"t":3,"d":"        2000——3499分  白银赛区\n"},
{"t":3,"d":"        2000以下      青铜赛区\n\n"},
{"t":1,"d":"派兵时段12:00-17:59\n"},
{"t":3,"d":"        所有领主自己选择需要驻守的宝藏。如果错过派兵时段没有派兵驻守宝藏，当日将无法领奖。\n\n"},
{"t":1,"d":"战斗时段:18:00-18:29\n"},
{"t":3,"d":"        领主将和其他联盟共同争夺宝藏，自动战斗且不消耗士兵。\n\n"},
{"t":1,"d":"领奖时段:18:30-23:29\n"},
{"t":3,"d":"        占领宝藏的联盟玩家可在【宝藏】按钮中领取争夺到奖励。派兵驻守宝藏的玩家，可领取本联盟占领的所有宝藏，未派兵驻守或离开联盟的玩家将无法领奖。\n"},
{"t":3,"d":"        点击联盟旗帜可查看战报。\n\n"},
{"t":1,"d":"休整时段:23:30-23:59\n"},
{"t":3,"d":"        为第二天的活动做准备，玩家在此时段无法领奖。\n\n"},
{"t":1,"d":"一些机制的详细介绍\n"},
{"t":3,"d":"        1，宝藏战是怎么分组的？\n"},
{"t":3,"d":"        每个联盟初始都有一个1000的积分，联盟积分会在战斗中根据胜负发生变化（轮空胜利但是不加积分）。会根据积分的多少分配多个联盟在一起。\n"},
{"t":3,"d":"        由于前期大家积分差不多，所以可能会有老区和新区联盟分在一起的情况，这时候建议实力稍弱的联盟全力去争夺奖励没那么好的宝藏。"},
{"t":3,"d":"随着宝藏战的进行，过一阵子实力强的联盟就会逐渐进入到高分区，高分区的和低分区的联盟不会匹配在一起。\n\n"},
{"t":3,"d":"        2，每个领主的实力怎么计算？\n"},
{"t":3,"d":"        宝藏战会根据每个玩家的军衔，默认算作该军衔所能携带的最大兵力上阵战斗（这些兵力相当于系统赠送，和领主当时自己身上有多少兵没关系，"},
{"t":3,"d":"也不会扣玩家当前的兵。 但是玩家自身的月卡加成、buff加成、装备加成在战斗时仍旧生效）\n\n"},
{"t":3,"d":"        3，具体战斗过程是怎么样的？\n"},
{"t":3,"d":"        比如一块宝藏上有3个联盟A（4人）、B（3人）、C（2人）在争夺。A联盟 VS B联盟， C联盟轮空。 A联盟的4个人中的第1个人先和B联盟的第1个人打。"},
{"t":3,"d":"假如A联盟的人赢了B的人，但是A死的只剩100兵，那么B联盟的第2个人和A联盟第1个人的这100人打。这样双方擂台赛一直到决出最终的胜者。"},
{"t":3,"d":"假如最终A联盟还剩1个人惨胜，A联盟和轮空的C联盟在第二轮打的时候。A联盟回复最大实力（4人全上场，每个人都满兵）和C联盟打。\n"},
{"t":3,"d":"        也就是联盟每次换对手的时候都会恢复最大实力去打。而且这过程中死的兵全是系统赠送，不会扣除玩家的兵力。\n\n"},
{"t":3,"d":"        4，宝藏战过程中积分怎么计算？\n"},
{"t":3,"d":"        只有和其他联盟发生战斗才会增减积分，轮空不会发生积分变化。\n"},
{"t":3,"d":"        对方积分越高，本区块的联盟成员越多，战胜对方获得的积分越多。\n"},
{"t":3,"d":"        自己积分越高，本区块联盟成员越多，战胜对方获得的积分越少。\n"},
{"t":3,"d":"        积分获得只和对方联盟总积分，本区块对方联盟成员人数以及品阶，己方联盟总积分，本区块奔放联盟成员人数以及品阶相关。\n"}
]
}