{
"invalid" : "invalid",
"act_btn1" : "签到",
"act_btn2" : "兑换",
"act_btn3" : "免费建造",
"act_btn4" : "邀请",
"act_btn5" : "新人专享",
"act_btn6" : "收藏",
"act_desc1" : "活动时间 : {0}月{1}日~{2}月{3}日",
"act_my_gift" : "我的礼包:",
"act_newyear_desc1" : "1.新年礼包在主页-道具中使用",
"act_newyear_desc2" : "2.获得的新年装备，在造兵-查看装备中查看",
"act_newyear_title" : "新年活动",
"act_note" : "提示",
"act_time" : "活动时间:",
"act_newfirst_desc1" : "单笔充值达到要求才可领奖哦",
"army_btn1" : "军队详情",
"army_btn2" : "查看装备",
"army_desc1" : "招募军队",
"army_desc2" : "允许你招募士兵",
"army_desc3" : "部队上限：",
"build_desc1" : "需要完成科技:",
"build_desc10" : "工厂关闭",
"build_desc11" : "工厂开启",
"build_desc12" : "当前所有奇迹都已建造完毕",
"build_desc13" : "当前拥有圣石",
"build_desc14" : "选择一个种族之后才可升级",
"build_desc2" : "食物上限：",
"build_desc3" : "木材上限：",
"build_desc4" : "石料上限:",
"build_desc5" : "将石头转成金属(10换1)",
"build_desc6" : "将木头转成皮革(10换1)",
"build_desc7" : "将食物转成马匹(10换1)",
"build_desc8" : "将金属,皮革,马匹转成龙晶(5换1)",
"build_desc9" : "建造需要占用{0}领地",
"button_kingdom_screen" : "国家",
"button_world_screen" : "世界",
"c_bow" : "弓箭手",
"c_btn_attack" : "攻击",
"c_btn_buy" : "购买",
"c_btn_buyed" : "已购买",
"c_btn_create" : "创建",
"c_btn_delete" : "删除",
"c_btn_enter" : "进入",
"c_btn_look" : "查看",
"c_btn_pay" : "充值",
"c_btn_reward" : "领取",
"c_btn_rewarded" : "已领取",
"c_btn_sure" : "确定",
"c_buy" : "购买",
"c_changeList" : "换一批",
"c_close" : "关闭",
"c_countdown_m" : "倒计时：",
"c_data_n_n" : "{0}月{1}日",
"c_day" : "天",
"c_dragon" : "龙",
"c_energy" : "体力",
"c_equip" : "装备",
"c_factory" : "工厂",
"c_fightnum" : "战力",
"c_foot" : "步兵",
"c_free" : "免费",
"c_gold" : "金币",
"c_hour_n" : "{0}小时",
"c_kingdom" : "王国",
"c_knight" : "骑士",
"c_kulou" : "战绩",
"c_left_time_m" : "剩余时间:",
"c_limitless" : "无限",
"c_mat" : "资源",
"c_max" : "上限",
"c_max_m" : "上限:",
"c_medal" : "品阶",
"c_minute_n" : "{0}分钟",
"c_miracle" : "奇迹",
"c_money_n" : "￥{0}",
"c_month_card" : "月卡",
"c_my_rank" : "我的排名",
"c_name" : "名字",
"c_no" : "否",
"c_none" : "无",
"c_kingdom_0" : "王国",
"c_kingdom_1" : "帝国",
"c_kingdom_2" : "神国",
"c_king_0" : "国王",
"c_king_1" : "帝王",
"c_king_2" : "神王",
"c_norank" : "未上榜",
"c_not_buy" : "尚未购买",
"c_not_open" : "暂未开启",
"c_prop" : "道具",
"c_rank" : "排名",
"c_reward_m" : "奖励:",
"c_score" : "积分",
"c_seconds_n" : "{0}秒",
"c_store" : "仓库",
"c_super_card" : "至尊卡",
"c_task" : "任务",
"c_union" : "联盟",
"c_war" : "战争",
"c_will_open" : "即将开启",
"c_yes" : "是",
"desc_kingdom_screen" : "本国的领主能看到您的弹幕",
"desc_prop" : "当前拥有：",
"desc_screen" : "请输入弹幕内容（2-20个字符）",
"desc_screen_1" : "请输入2-20个字符的内容",
"desc_world_screen" : "全世界的领主都能看到您的弹幕",
"fight_desc1" : "加入联盟后可参加",
"fight_desc10" : "1.领主品阶决定参战部队上限。",
"fight_desc11" : "2.战力仅计算参战部队的综合实力。",
"fight_desc12" : "参战部队",
"fight_desc13" : "王座争霸",
"fight_desc14" : "进入战斗",
"fight_desc2" : "激战中",
"fight_desc3" : "上啊！",
"fight_desc4" : "加油！",
"fight_desc5" : "揍他！",
"fight_desc6" : "冲啊！",
"fight_desc7" : "领主品阶:",
"fight_desc8" : "战力:",
"fight_desc9" : "达到{0}后进阶",
"guide_CG1" : "我是龙之母丹妮莉丝，听说你就是那个挑战者，敢接受王的挑战吗？挑战成功我会送你5条龙。",
"guide_CG2" : "领主大人，准备接受挑战吧！",
"guide_CG3" : "奉命掠夺你的领地，受降吧！",
"guide_CG4" : "你这是自寻死路！火龙支援",
"guide_CG5" : "居然招出了火龙,领主大人我们需要先重建领地",
"guide_danmu1" : "霍？这就开打了？",
"guide_danmu2" : "揍他！~打他脸~！",
"guide_danmu3" : "搬个凳子看打架……",
"guide_danmu4" : "我军威武，城管大队？",
"guide_danmu5" : "前方高能预警！！！！",
"guide_danmu6" : "龙……龙……龙……  ？",
"guide_danmu7" : "要死要死要死！",
"guide_danmu8" : "我从未见过如此厚颜无耻之人",
"guide_danmu9" : "这是开挂了嘛？",
"guide_desc1" : "点击任意位置继续",
"guide_desc2" : "我方部队数：",
"guide_desc3" : "敌方部队数：",
"home_btn1" : "活动",
"home_btn2" : "月卡",
"home_btn3" : "排行榜",
"home_btn4" : "分享",
"home_btn5" : "关注",
"home_btn6" : "查看",
"home_btn7" : "装备宝箱",
"home_btn8" : "关注",
"home_btn9" : "外域圣战",
"home_desc1" : "点击图标，采集资源",
"jehad_btn_8" : "查看奖励",
"jehad_btn1" : "召集领主",
"jehad_btn2" : "研发科技",
"jehad_btn3" : "囤积兵力",
"jehad_btn4" : "强化战斗",
"jehad_btn5" : "圣战开启",
"jehad_btn6" : "查看新兵种",
"jehad_btn7" : "查看跨服战",
"jehad_desc1" : "关注人数",
"jehad_desc10" : "全服共同战死进度：",
"jehad_desc11" : "个人消耗{0}",
"jehad_desc12" : "个人招募{0}",
"jehad_desc13" : "个人战死{0}",
"jehad_desc14" : "排名前3的领主将获得称号“{0}”及相应奖励，称号和奖励将在【圣战开启】阶段通过邮件发放。",
"jehad_desc15" : "排名前3的领主将获得称号“{0}”及相应奖励，称号和奖励将在【圣战开启】阶段通过邮件发放。",
"jehad_desc16" : "排名前3的领主将获得称号“{0}”及相应奖励，称号和奖励将在【圣战开启】阶段通过邮件发放。",
"jehad_desc17" : "将在圣战开启时由邮件发放",
"jehad_desc18" : "开启圣战时代最佳贡献领主",
"jehad_desc19" : "新时代领取全民起航礼包",
"jehad_desc2" : "需要全国领主共同推进！开启圣战时代！",
"jehad_desc20" : "领取条件：",
"jehad_desc21" : "进度达到100%才可领取",
"jehad_desc22" : "参与王国：",
"jehad_desc23" : "尊敬的领主大人，面对外敌需要更多帮手，请速来支持！",
"jehad_desc24" : "尊敬的领主大人，我们需要提升整体实力，请研发科技吧！\n全服进度到达100%之后，所有领主都可以领取100K秘银和100K暗钢",
"jehad_desc25" : "尊敬的领主大人，我们需要更多部队，请尽快招募！\n全服进度到达100%之后，所有领主都可以领取100K秘银和100K暗钢",
"jehad_desc26" : "尊敬的领主大人，我们需要真正的勇士，让懦夫离开阵营！\n全服进度到达100%之后，所有领主都可以领取100K秘银和100K暗钢",
"jehad_desc27" : "消耗{0}",
"jehad_desc28" : "招募{0}",
"jehad_desc29" : "战死{0}",
"jehad_desc3" : "全国消耗{0}数量达到100%时将开启下个阶段内容！",
"jehad_desc30" : "排名前3的领主将获得称号“{0}”及相应奖励，称号和奖励将在【圣战开启】阶段通过邮件发放。",
"jehad_desc31" : "排行奖励",
"jehad_desc4" : "全国招募{0}的数量达到100%时将开启下个阶段内容！",
"jehad_desc5" : "全国战死{0}的数量达到100%时将开启下个阶段内容！",
"jehad_desc6" : "开启下阶段剩余：",
"jehad_desc7" : "关注人数达到：",
"jehad_desc8" : "全服共同消耗进度：",
"jehad_desc9" : "全服共同招募进度：",
"jehad_title1" : "拓荒新大陆",
"main_sign_desc5" : "本周奖励",
"main_task_desc1" : "今天的任务已经完成",
"n_bag_need_piece" : "装备碎片数量不足!",
"n_bag_no_item" : "您没有足够的该物品!",
"n_break_success" : "分解成功",
"n_buy_cancel" : "支付已取消",
"n_buy_failed" : "支付失败",
"n_pay_success" : "支付成功",
"n_cant_atk" : "对手处于护盾状态，不能攻击",
"n_delete_success" : "删除成功",
"n_desc1" : "点击已达上限",
"n_donate_success" : "捐献成功",
"n_energy_max" : "体力已满，无需购买",
"n_hire_success" : "招募成功",
"n_inbattle" : "您的部队正在战斗中",
"n_left_times" : "剩余次数不足",
"n_need_army" : "没有士兵无法发起战斗",
"n_need_gold" : "金币不足",
"n_need_land" : "自由领地不足，请去掠夺",
"n_need_mat" : "资源不足",
"n_need_medal_n" : "需要领主品阶达到{0}",
"n_need_pieces" : "装备碎片数量不足!",
"n_need_source" : "材料不足",
"n_need_union" : "请先加入或创建联盟",
"n_pay_success" : "充值成功",
"n_people_max" : "人数已满",
"n_reward_success" : "领取成功",
"n_save_success" : "保存成功",
"n_store_max" : "仓库已满",
"n_sure_change_kingdom1" : "切换王国后，会重新创建一个新的账号进行游戏。同时，以前王国的账号依然保留，可以切换回来继续游戏。是否进行切换？",
"n_sure_change_kingdom2" : "该王国存在已有角色，是否进行切换？",
"n_talk_time" : "发言间隔不得低于10秒",
"n_talk_time_1" : "世界频道发言间隔不得低于30秒",
"n_talk_time_2" : "联盟频道发言间隔不得低于10秒",
"n_talk_time_3" : "国家频道发言间隔不得低于10秒",
"n_union_desc1" : "篡位成功，您成为了盟主",
"n_union_desc2" : "该联盟所有人都处于保护状态",
"n_wrong_cdkey" : "您输入的兑换码不正确",
"name_button1" : "使用",
"name_button2" : "替换",
"name_desc1" : "称号可在聊天中彰显荣耀身份！",
"name_desc2" : "已有生效称号{0}，使用后将替换为{1}",
"name_desc3" : "您没有可使用或替换的称号",
"name_desc4" : "您暂未获得称号",
"name_desc5" : "无法使用相同的称号",
"name_desc6" : "{0}个",
"name_desc7" : "使用成功",
"name_effect" : "效果",
"name_first" : "首位",
"name_second" : "次位",
"name_third" : "末位",
"name_time" : "有效时间",
"name_title1" : "称号",
"name_title2" : "已有称号",
"name_title3" : "使用称号",
"p_act_btn1" : "好友列表",
"p_act_btn2" : "前往充值",
"p_act_desc1" : "第2天送橙装，第7天送100条龙",
"p_act_desc10" : "活动期间，单笔充值满足以下条件，即可领取相应的回馈奖励",
"p_act_desc11" : "可领奖次数:",
"p_act_desc2" : "可获得稀有红色装备",
"p_act_desc3" : "活动期间内，达到下列实力，可获得我们献上的奖励",
"p_act_desc4" : "本次活动期间充值",
"p_act_desc5" : "就送：",
"p_act_desc6" : "（充值金币仅累计本次礼包持续时间内所充值的金币。其他时间内充值的金币不算作当前礼包的累计充值）",
"p_act_desc7" : "当前礼包充值：",
"p_act_desc8" : "结束倒计时：",
"p_act_desc9" : "累计充值活动结束",
"p_army_btn1" : "获得装备",
"p_army_btn2" : "购买增益",
"p_army_desc1" : "生效装备战力:",
"p_army_desc10" : "的基础攻击力",
"p_army_desc11" : "的基础生命",
"p_army_desc12" : "当前无任何增益.\n至尊卡可获得永久攻击加成。",
"p_army_desc13" : "参战数量:",
"p_army_desc14" : "最强武器展示",
"p_army_desc15" : "最强防具展示",
"p_army_desc16" : "增益效果:",
"p_army_desc2" : "缺少武器数量：",
"p_army_desc3" : "剩余武器数量：",
"p_army_desc4" : "缺少防具数量：",
"p_army_desc5" : "剩余防具数量：",
"p_army_desc6" : "至尊卡",
"p_army_desc7" : "攻击加成",
"p_army_desc8" : "生命加成",
"p_army_desc9" : "增加了",
"p_army_title" : "军队详情",
"p_atked_desc1" : "您被{0}攻击，请查看战报！",
"p_atked_desc2" : "查看",
"p_battle_desc1" : "获得物品",
"p_battle_desc2" : "奇迹复活",
"p_battle_desc3" : "参战部队上限增加",
"p_battle_desc4" : "还没建造可以复活士兵的奇迹",
"p_bind_desc1" : "请输入邀请人ID",
"p_bind_desc2" : "请输入正确的用户ID",
"p_buyenergy_desc1" : "是否花费{0}金币购买100点体力?",
"p_buyenergy_desc2" : "今日购买体力次数已达上限",
"p_buyenergy_desc3" : "今日购买次数已达上限，提升VIP可购买更多",
"p_buyenergy_desc4" : "体力恢复时间 :",
"p_buyenergy_desc5" : "售价：",
"p_buyenergy_desc6" : "购买100点体力（已买次数:{0}）",
"p_buyenergy_title" : "购买体力",
"p_cdkey_desc1" : "请输入兑换码",
"p_cdkey_title" : "兑换CDKEY",
"p_choosecopy_desc1" : "已通关",
"p_choosecopy_desc2" : "新开启",
"p_choosecopy_desc3" : "未开启",
"p_choosecopy_title" : "选择副本",
"p_copy_btn_fight" : "战斗",
"p_copy_desc1" : "体力消耗 :",
"p_copy_desc2" : "敌方阵容",
"p_copy_desc3" : "可能获得",
"p_copy_desc4" : "准入品阶：",
"p_dec_desc1" : "战斗过程中会显示战斗双方的战斗宣言。你想和你的对手说些什么？",
"p_dec_desc2" : "请输入4-20个字符",
"p_dec_desc3" : "战斗宣言修改成功",
"p_dec_title" : "编辑战斗宣言",
"p_desc1" : "系统版本过低，请您升级系统后再试",
"p_desc2" : "与服务器失去连接，请重新登录",
"p_donate_desc1" : "可获得",
"p_donate_title" : "捐献",
"p_entry_desc1" : "今日剩余次数：",
"p_entry_desc2" : "重置关卡进入次数（已重置次数：{0}）",
"p_entry_desc3" : "今日进入该关卡次数已达上限",
"p_entry_desc4" : "今日购买重置次数已达上限",
"p_entry_desc5" : "今日购买重置次数已达上限，提升VIP等级可购买更多",
"n_buy_success" : "购买成功",
"p_entry_title" : "重置关卡",
"p_equipbreak_desc1" : "分解一个",
"p_equipbreak_desc2" : "分解10%",
"p_equipbreak_desc3" : "分解50%",
"p_equipbreak_desc4" : "分解100%",
"p_equipbreak_desc5" : "确定要分解橙色装备么？",
"p_equipbreak_desc6" : "本次分解个数：",
"p_equipbreak_desc7" : "可获得碎片：",
"p_equipbreak_desc8" : "可在装备宝箱界面进行使用，有几率获得蓝色~橙色装备",
"p_equipbreak_title" : "装备分解",
"p_firstpay_desc1" : "已购买",
"p_firstpay_desc2" : "第一天，领橙装",
"p_firstpay_desc3" : "第二天，领取100金币",
"p_firstpay_desc4" : "第三天，领取200金币",
"p_firstpay_desc5" : "1.领取橙装后，请在设置-装备中查看",
"p_firstpay_desc6" : "2.领取金币箱后，请在主页-道具中使用",
"p_firstpay_title" : "首冲礼包",
"p_freebuild_desc1" : "每天1:00- 9:00，9:00 – 17:00 ，17:00 – 次日1:00 可以领取一定数量的建筑",
"p_freebuild_title" : "免费建造",
"p_guide_title" : "奖励",
"p_help_title" : "帮助",
"p_input_desc1" : "请输入聊天内容（2-60个字符)",
"p_input_desc2" : "请输入2-60个字符的内容",
"p_input_title" : "聊天",
"p_invitelist_desc1" : "玩家",
"p_invitelist_desc2" : "充值金币",
"p_invitelist_title" : "被邀请好友列表",
"p_kindom_btn1" : "切换",
"p_kindom_desc1" : "当前王国",
"p_kindom_desc2" : "全部王国",
"p_kindom_desc3" : "王国：",
"p_kindom_title" : "切换王国",
"p_lottery_btn1" : "买一个",
"p_lottery_btn2" : "买十个",
"p_lottery_btn3" : "再来一次",
"p_lottery_desc1" : "购买资源送纯铁宝箱",
"p_lottery_desc2" : "有几率获得蓝色~橙色装备",
"p_lottery_desc3" : "剩余：",
"p_lottery_desc4" : "后免费",
"p_lottery_desc5" : "购买资源送纯金宝箱",
"p_lottery_desc6" : "一次性买10个必得3组橙色装备",
"p_lottery_desc7" : "有几率获得紫色~橙色装备",
"p_lottery_desc8" : "免费次数：",
"p_mail_desc1" : "邮件最多保留50封，超出的新邮件会顶替旧邮件",
"p_mail_title" : "邮件",
"p_miracle_desc1" : "(已建造)",
"p_miracle_desc2" : "(未建造)",
"p_miracle_desc3" : "消耗:",
"p_month_desc1" : "剩余时间：永久",
"p_month_desc10" : "至尊卡永久有效",
"p_month_desc11" : "可与月卡一起使用",
"p_month_desc2" : "增加离线收益1小时",
"p_month_desc3" : "军队招募的冷却时间减少10%",
"p_month_desc4" : "购买后立即获得{0}金币",
"p_month_desc5" : "每日免费领取{0}金币",
"p_month_desc6" : "有效日期30天，可叠加多次购买",
"p_month_desc7" : "可与至尊卡一起使用",
"p_month_desc8" : "永久增加部队攻击力10%",
"p_month_desc9" : "仓库存储量永久增加10%",
"p_name_desc1" : "请输入你最新的名字（第一次免费）",
"p_name_desc2" : "请输入你最新的名字（本次改名需要100金币）",
"p_name_desc3" : "请输入2-14字符的名字",
"p_name_title" : "修改名字",
"p_needgold_desc2" : "金币可以立即获得资源,快速建造,迅速变强大",
"p_needgold_desc3" : "金币可以立即获得资源,快速建造,迅速变强大",
"p_needgold_desc4" : "增益buff可大幅度提高部队战斗力",
"p_needgold_desc5" : "好消息：",
"p_needgold_desc6" : "首次充值可额外获得300金币",
"p_needgold_title1" : "金币不足",
"p_needgold_title2" : "快速充值",
"p_needgold_title3" : "VIP等级过低",
"p_needgold_title4" : "增益",
"p_person_btn1" : "改名",
"p_person_btn2" : "查看战力",
"p_person_btn3" : "切换王国",
"p_person_btn4" : "编辑",
"p_person_desc1" : "昵称：",
"p_person_desc2" : "王国",
"p_person_desc3" : "国王：",
"p_person_desc4" : "活跃度：",
"p_person_desc5" : "所在区域：",
"p_person_desc6" : "战斗宣言：",
"p_person_desc7" : "未设置",
"p_person_title" : "个人",
"p_random_desc1" : "冒险者一去不复返。",
"p_random_desc2" : "冒险者找到了宝藏，这些是分给你的。",
"p_randomgift_desc1" : "长时间离开游戏或数据同步有误\n  请您刷新页面重新进入游戏",
"p_randomgift_desc2" : "切换成功，请您刷新页面重新登录",
"p_rank_btn1" : "奖杯榜",
"p_rank_btn2" : "战绩榜",
"p_rank_btn3" : "造兵榜",
"p_rank_btn4" : "联盟榜",
"p_rank_desc1" : "造兵",
"p_rank_desc2" : "联盟积分",
"p_redbag_btn1" : "我也送红包",
"p_redbag_desc1" : "联盟里任何玩家充值，会在联盟红包里生成相应的红包。联盟里的其他玩家可以领取红包获得金币奖励",
"p_redbag_desc2" : "最近24小时内联盟里没有人充值，还未产生红包",
"p_redbag_desc3" : "您当前可领取红包数量：",
"p_report_btn1" : "复仇",
"p_report_desc1" : "  对手                            结果",
"p_report_desc2" : "进攻",
"p_report_desc3" : "防守",
"p_report_desc4" : "成功",
"p_report_desc5" : "失败",
"p_report_title" : "战报",
"p_set_btn1" : "立即存档",
"p_set_btn2" : "个人",
"p_set_btn3" : "声音",
"p_set_btn4" : "战报",
"p_set_btn5" : "公告",
"p_set_btn6" : "邮件",
"p_set_btn7" : "帮助",
"p_set_btn8" : "切换账号",
"p_set_desc1" : "后进度自动存档",
"p_set_desc2" : "立即存档",
"p_set_title" : "设置",
"p_shop_desc1" : "限时",
"p_sign_btn1" : "签到",
"p_sign_btn2" : "更多奖励",
"p_sign_desc1" : "首签奖励",
"p_sign_desc2" : "次签奖励",
"p_sign_desc3" : "三签奖励",
"p_sign_desc4" : "每天0-12点，12-18点，18-24点，都有机会领奖哦！",
"p_sign_title" : "今日奖励",
"p_superuse_btn1" : "强行用",
"p_superuse_desc1" : "资源或兵种已超上限，无法获得更多，是否继续使用？",
"p_sure_attack" : "发动进攻将失去护盾，这样其他玩家将有可能攻击您。确定发动进攻吗？",
"p_talk_btn1" : "世界频道",
"p_talk_btn2" : "本国频道",
"p_talk_btn3" : "联盟频道",
"p_talk_btn4" : "聊天",
"p_talk_title" : "聊天",
"p_task_desc1" : "今天的任务已经完成，请明日再来！",
"p_task_desc2" : "今天的任务已经完成",
"p_title_note" : "提示",
"p_unionbattle_btn1" : "招募守卫",
"p_unionbattle_btn2" : "联盟详情",
"p_unionbattle_btn3" : "争夺",
"p_unionbattle_desc1" : "招募王座守卫，帮你守护王座",
"p_unionbattle_desc10" : "联盟所成员食物生产速度增加",
"p_unionbattle_desc11" : "当前等级：",
"p_unionbattle_desc12" : "加成",
"p_unionbattle_desc13" : "下一等级：",
"p_unionbattle_desc14" : "当前已达到最大等级",
"p_unionbattle_desc15" : "已满",
"p_unionbattle_desc16" : "联盟所成员石头生产速度增加",
"p_unionbattle_desc17" : "联盟所成员木头生产速度增加",
"p_unionbattle_desc18" : "获得王座的联盟在下次活动结束前将享受：",
"p_unionbattle_desc19" : "食物生产速度 +20%",
"p_unionbattle_desc2" : "请选择你要攻打的敌人",
"p_unionbattle_desc20" : "木头生产速度 +20%",
"p_unionbattle_desc21" : "石头生产速度 +20%",
"p_unionbattle_desc22" : "排名                     联盟                                                    击杀        ",
"p_unionbattle_desc23" : "我的联盟",
"p_unionbattle_desc24" : "每次攻打后会产生30秒的冷却时间，倒计时结束才可再次攻打。\n您要攻击的联盟有护盾保护时，可以攻打王座守卫。",
"p_unionbattle_desc3" : "结束倒计时",
"p_unionbattle_desc4" : "击杀王座守卫排行榜",
"p_unionbattle_desc5" : "开始倒计时",
"p_unionbattle_desc6" : "上轮击杀王座守卫排行榜",
"p_unionbattle_desc7" : "击杀",
"p_unionbattle_desc8" : "招募",
"p_unionbattle_desc9" : "今日剩余捐献次数:",
"p_unionbattle_title1" : "招募王座守卫",
"p_unionbattle_title2" : "争夺王座",
"p_unionbattle_title3" : "联盟成员击杀排行榜",
"p_unionbattle_title4" : "联盟成员招募排行榜",
"p_unionbattle_title5" : "更换旗帜",
"p_unionbattle_title6" : "争夺王座",
"p_uniondesc_desc1" : "请输入2-60个字符的内容",
"p_uniondesc_desc2" : "输入宣言",
"p_uniondesc_title" : "输入联盟宣言",
"p_use_desc1" : "战斗中无法使用该道具",
"p_use_desc2" : "仓库或兵营已满，无法使用箱子",
"p_use_desc3" : "用1个",
"p_use_desc4" : "用10个",
"p_vip_desc1" : "再充值",
"p_vip_desc10" : "小时",
"p_vip_desc11" : "                        仓库存储量增加",
"p_vip_desc12" : "               招募士兵的冷却时间减少",
"p_vip_desc13" : "                        每天可购买体力",
"p_vip_desc14" : "次",
"p_vip_desc15" : "                         复活士兵增加",
"p_vip_desc16" : "                        每天可重置关卡",
"p_vip_desc2" : "金币即可成为",
"p_vip_desc3" : "VIP{0}等级特权",
"p_vip_desc4" : "查看VIP{0}",
"p_vip_desc5" : "         充值金币达到",
"p_vip_desc6" : "可享受该等级特权",
"p_vip_desc7" : "          食物、木材、石头的生产速度增加",
"p_vip_desc8" : "                     科技研究时间减少",
"p_vip_desc9" : "              离线后资源收集时间延长",
"p_vipbenifit_btn1" : "查看vip",
"p_vipbenifit_desc1" : "根据VIP等级的不同可领取相应福利，VIP福利每日只可领取一次",
"p_vipbenifit_title" : "VIP福利",
"p_vipgift_desc1" : "达到固定VIP等级即可购买对应等级的VIP礼包",
"p_vipgift_title" : "VIP礼包",
"prop_none" : "没有弹幕道具",
"race_btn1" : "已出战",
"race_btn2" : "赐予",
"race_btn3" : "为我而战",
"race_btn4" : "赐予1000",
"race_desc1" : "外域圣战进程完结之后开启",
"race_nation1" : "兽族",
"race_nation2" : "人族",
"race_nation3" : "亡灵",
"race_desc13" : "特色：",
"race_desc14" : "克制：",
"race_desc15" : "攻击一般，高生命、高暴击",
"race_desc16" : "生命一般，高攻击、高闪避",
"race_desc17" : "攻击和生命比较均衡",
"race_desc18" : "每赐予1份神圣之力增加1点崇拜",
"race_desc19" : "赐予成功",
"race_desc2" : "正在揭开新种族的面纱",
"race_desc20" : "{0}崇拜度已达100%，{1}战士们等待着为伟大的领主大人{2}而战",
"race_desc21" : "今日免费次数：",
"race_desc22" : "所有士兵都到达3级之后才可选择种族",
"race_desc10" : "拥有",
"race_desc11" : "为了∮{0}∮大人，出征！",
"race_desc12" : "世界冒险从副本诅咒之地开始，最后一个关卡掉落神圣之力",
"race_desc3" : "圣战时代",
"race_desc4_1" : "智慧的人族",
"race_desc4_2" : "强悍的兽族",
"race_desc4_3" : "神秘的亡灵",
"race_desc4_4" : "面对如此残酷的环境",
"race_desc4_5" : "我们将如何继续作战？",
"race_desc5" : "我们将是这个世界的霸主！",
"race_desc6" : "战斗！不停的战斗！",
"race_desc7" : "死亡！我们最爱的味道！",
"race_desc8" : "崇拜度达到100%的种族可为你而战",
"race_desc9" : "崇拜",
"race_desc23" : "（点击屏幕继续）",
"race_desc24" : "确认选择该种族为您而战吗？",
"race_desc25" : "当前拥有",
"race_desc26" : "（赐予神圣之力可提升种族崇拜度）",
"race_title1" : "种族选择",
"race_title2" : "赐予兽族",
"race_title3" : "赐予人族",
"race_title4" : "赐予亡灵",
"race_title5" : "选择兽族",
"race_title6" : "选择人族",
"race_title7" : "选择亡灵",
"screen_succeed" : "弹幕发送成功",
"shop_btn1" : "战争资源",
"shop_btn2" : "基础资源",
"shop_btn3" : "增益",
"skill_desc1" : "当前所有科技都已建造完毕",
"skill_desc2" : "世界冒险从副本领主试炼开始，部分关卡掉落秘银 \n世界冒险从副本禁军要塞开始，部分关卡掉落暗钢 \n世界冒险从副本诅咒之地开始，每个副本最后一个关卡掉落神圣之力",
"throne_desc1" : "守卫数量：",
"throne_desc2" : "当前击杀守卫军排名：",
"throne_desc3" : "当前击杀守卫数量：",
"throne_guard" : "王座守卫",
"throne_guard1" : "王座守卫小队",
"throne_guard2" : "王座守卫中队",
"throne_guard3" : "王座守卫大队",
"throne_guard4" : "王座守卫军团",
"title_kingdom_screen" : "国家弹幕",
"title_world_screen" : "世界弹幕",
"treasure_btn1" : "报名",
"treasure_btn2" : "已报名",
"treasure_btn3" : "对手信息",
"treasure_btn4" : "宝藏",
"treasure_btn5" : "确定驻守",
"treasure_btn6" : "已驻守",
"treasure_btn7" : "未占领",
"treasure_desc1" : "联盟积分:",
"treasure_desc10" : "交战中……",
"treasure_desc11" : "您未派兵,错过今日活动",
"treasure_desc12" : "请于明天12:00-17:59之间准时派兵参战",
"treasure_desc13" : "今日活动已结束",
"treasure_desc14" : "新成员24小时后才能参加",
"treasure_desc15" : "你还剩余{0}",
"treasure_desc16" : "点击联盟旗帜可查看所有联盟的战报",
"treasure_desc17" : "已驻守联盟成员",
"treasure_desc18" : "第{0}场",
"treasure_desc19" : "第{0}轮",
"treasure_desc2" : "分组赛区:",
"treasure_desc20" : "第{0}轮第{1}场",
"treasure_desc21" : "轮空",
"treasure_desc22" : "当前还没有本联盟成员驻守该宝藏",
"treasure_desc3" : "提示：仅盟主和副盟主可代表联盟报名参加宝藏战",
"treasure_desc4" : "正在分配对手联盟",
"treasure_desc5" : "派兵时段将于中午12点开始",
"treasure_desc6" : "联盟未报名，错过今日活动",
"treasure_desc7" : "请于明天00:00-11:30之间准时报名",
"treasure_desc8" : "请选择要派兵的宝藏，确定后无法修改",
"treasure_desc9" : "请选择要查看的宝藏",
"treasure_note1" : "仅盟主或副盟主可报名",
"treasure_note2" : "驻守成功",
"treasure_note3" : "您已错过该时段，请重新进入宝藏战",
"treasure_note4" : "无其他联盟争夺，该联盟直接获胜",
"treasure_note5" : "报名成功",
"treasure_time0" : "报名时段:00:00 - 11:29",
"treasure_time1" : "分组时段:11:30 - 11:59",
"treasure_time2" : "派兵时段:12:00 - 17:59",
"treasure_time3" : "正在交战:18:00 - 18:29",
"treasure_time4" : "领奖时段:18:30 - 23:29",
"treasure_time5" : "休整时段:23:30 - 23:59",
"treasure_title0" : "报名时段",
"treasure_title1" : "分组时段",
"treasure_title2" : "派兵时段",
"treasure_title3" : "正在交战",
"treasure_title4" : "领奖时段",
"treasure_title5" : "休整时段",
"treasure_title6" : "驻守宝藏",
"union_btn1" : "撤职",
"union_btn10" : "排行榜",
"union_btn11" : "联盟活动",
"union_btn12" : "最强",
"union_btn13" : "最新",
"union_btn2" : "任命",
"union_btn3" : "离开",
"union_btn4" : "踢人",
"union_btn5" : "宣言",
"union_btn6" : "任命",
"union_btn7" : "篡位",
"union_btn8" : "联盟成员",
"union_btn9" : "联盟科技",
"union_desc1" : "(副盟主)",
"union_desc10" : "邀请码输入错误或没有这个联盟",
"union_desc11" : "输入宣言（2-60个字符）",
"union_desc12" : "请输入联盟名称",
"union_desc13" : "请输入2-12个字符的名称",
"union_desc14" : "邀请码：",
"union_desc15" : "盟主：",
"union_desc16" : "请先任命一名副盟主，才能离开联盟。",
"union_desc17" : "确定离开联盟？\n\n王座争霸活动中离开联盟将无法获得活动奖励",
"union_desc18" : "踢人没有目标或者目标是自己",
"union_desc19" : "您没有权限踢出盟主或者其他副盟主",
"union_desc2" : "(盟主)",
"union_desc20" : "是否将该玩家踢出联盟？",
"union_desc21" : "最多只能任命2位副盟主",
"union_desc22" : "联盟成员送福利",
"union_desc23" : "成员名称",
"union_desc24" : "最后登录",
"union_desc25" : "食物加速",
"union_desc26" : "木头加速",
"union_desc27" : "石头加速",
"union_desc28" : "联盟的所有成员的食物生产速度增加",
"union_desc29" : "联盟的所有成员的木头生产速度增加",
"union_desc3" : "开启时间：",
"union_desc30" : "联盟的所有成员的石头生产速度增加",
"union_desc31" : "捐献",
"union_desc32" : "建造完成后可以加入或者创建联盟",
"union_desc33" : "点击更换旗帜",
"union_desc34" : "名称",
"union_desc35" : "联盟宣言",
"union_desc36" : "请输入联盟名称",
"union_desc37" : "输入宣言（2-60个字符）",
"union_desc38" : "当前所有联盟都已满员，您可以自己创建联盟",
"union_desc39" : "每周日晚11-12点发排行奖，由联盟内骷髅数排名前十领主平分",
"union_desc4" : "正在激战：",
"union_desc40" : "联盟大厅",
"union_desc41" : "输入邀请码",
"union_desc42" : "诸强征战，谁得桂冠",
"union_desc43" : "{0}天后永久开启",
"union_desc44" : "{0}秒前",
"union_desc5" : "盟主：",
"union_desc6" : "{0}天前",
"union_desc7" : "{0}小时前",
"union_desc8" : "{0}分钟前",
"union_desc9" : "在线",
"p_army_desc17" : "是否使用出征上限增加{0}代替出征上限增加{1}？",
"share_title" : "分享微博",
"share_desc1" : "请输入分享内容（2—40个字符）",
"n_share_word" : "不超过200字符",
"p_search_button1" : "攻打",
"p_search_desc1" : "战胜对手，可能获得",
"p_search_desc2" : "重置今日攻打次数（已重置次数：{0}）",
"p_search_desc3" : "使用1张战书换一批推荐对手",
"p_search_desc4" : "今日剩余攻打次数已为0，是否换一批？",
"p_search_desc5" : "今日剩余次数{0}",
"p_search_desc6" : "推荐对手",
"p_search_desc7" : "请输入领主昵称全称，使用1张战书搜索对手",
"p_search_desc8" : "今日剩余攻打次数已用完",
"p_search_desc9" : "今日剩余攻打次数：{0}",
"p_search_title1" : "精确打击",
"p_search_title2" : "重置次数",
"p_search_title3" : "搜索对手",
"p_search_title4" : "寻找对手",
"p_search_button2" : "战败",
"p_search_desc10" : "今日剩余攻打次数已为0，是否搜索对手?",
"n_search_acp" : "请先领取奖励",
"n_search_challenge" : "您没有战书，无法更换对手",
"n_search_name" : "没有该领主",
"p_search_new" : "已换一批新对手",
"p_search_result" : "搜索成功",
"p_search_rep" : "推荐对手中已有该领主",
"p_search_desc11" : "可精确查找领主",
"p_fight_max" : "最大战力：",
"p_search_desc13" : "推荐对手当前无可攻打领主",
"theEnd" : "end"
}