[
{"txt":"正在给士兵训话……"},
{"txt":"正在阅兵……"},
{"txt":"正在种金币……"},
{"txt":"正在满世界寻找金矿……"},
{"txt":"正在烤马肉……"},
{"txt":"正在教龙砍伐木头……"},
{"txt":"正在指挥龙捉农场的耗子……"},
{"txt":"正在训练马钻火圈……"},
{"txt":"矿石厂发生了坍塌，正在紧急处理……"},
{"txt":"铁匠铺意外失火，正在救援……"},
{"txt":"马厩里的马逃跑了，正在追回……"},
{"txt":"正在说服邻居的士兵加入……"},
{"txt":"正在欺负农夫……"},
{"txt":"正在给盟主送礼……"},
{"txt":"正在涂改其他联盟的旗帜……"},
{"txt":"正在侦查仇人的营地……"},
{"txt":"正在尝试涂改排行榜……"},
{"txt":"正在把仇人的名字记在小本本上……"},
{"txt":"正在给敌人的盔甲卸螺丝……"},
{"txt":"正在用剑削指甲玩……"},
{"txt":"士兵们正在起床……"},
{"txt":"工人们正在给母马交配……"}
]