[
{"id":1,"detail":1,"name":"骑士","icon":"pvp_a1_png","lvl":1,"cup":450,"par":10,"max_land":5,"max_army":[{"id":111,"num":1000},{"id":112,"num":1000},{"id":113,"num":1000},{"id":114,"num":10}],"rate":1},
{"id":1,"detail":2,"name":"骑士","icon":"pvp_a1_png","lvl":2,"cup":500,"par":20,"max_land":5,"max_army":[{"id":111,"num":1000},{"id":112,"num":1000},{"id":113,"num":1000},{"id":114,"num":10}],"rate":1},
{"id":1,"detail":3,"name":"骑士","icon":"pvp_a1_png","lvl":3,"cup":550,"par":30,"max_land":5,"max_army":[{"id":111,"num":1000},{"id":112,"num":1000},{"id":113,"num":1000},{"id":114,"num":10}],"rate":1},
{"id":1,"detail":4,"name":"骑士","icon":"pvp_a1_png","lvl":4,"cup":600,"par":40,"max_land":5,"max_army":[{"id":111,"num":1000},{"id":112,"num":1000},{"id":113,"num":1000},{"id":114,"num":10}],"rate":1},
{"id":2,"detail":5,"name":"子爵","icon":"pvp_a2_png","lvl":1,"cup":650,"par":80,"max_land":20,"max_army":[{"id":111,"num":4000},{"id":112,"num":4000},{"id":113,"num":4000},{"id":114,"num":20}],"rate":1},
{"id":2,"detail":6,"name":"子爵","icon":"pvp_a2_png","lvl":2,"cup":750,"par":100,"max_land":20,"max_army":[{"id":111,"num":4000},{"id":112,"num":4000},{"id":113,"num":4000},{"id":114,"num":20}],"rate":1},
{"id":2,"detail":7,"name":"子爵","icon":"pvp_a2_png","lvl":3,"cup":850,"par":163,"max_land":20,"max_army":[{"id":111,"num":4000},{"id":112,"num":4000},{"id":113,"num":4000},{"id":114,"num":20}],"rate":1},
{"id":2,"detail":8,"name":"子爵","icon":"pvp_a2_png","lvl":4,"cup":950,"par":234,"max_land":20,"max_army":[{"id":111,"num":4000},{"id":112,"num":4000},{"id":113,"num":4000},{"id":114,"num":20}],"rate":1},
{"id":3,"detail":9,"name":"勋爵","icon":"pvp_a3_png","lvl":1,"cup":1100,"par":467,"max_land":1000,"max_army":[{"id":111,"num":10000},{"id":112,"num":10000},{"id":113,"num":10000},{"id":114,"num":50}],"rate":1},
{"id":3,"detail":10,"name":"勋爵","icon":"pvp_a3_png","lvl":2,"cup":1200,"par":540,"max_land":1000,"max_army":[{"id":111,"num":10000},{"id":112,"num":10000},{"id":113,"num":10000},{"id":114,"num":50}],"rate":1},
{"id":3,"detail":11,"name":"勋爵","icon":"pvp_a3_png","lvl":3,"cup":1300,"par":850,"max_land":1000,"max_army":[{"id":111,"num":10000},{"id":112,"num":10000},{"id":113,"num":10000},{"id":114,"num":50}],"rate":1},
{"id":3,"detail":12,"name":"勋爵","icon":"pvp_a3_png","lvl":4,"cup":1400,"par":1234,"max_land":1000,"max_army":[{"id":111,"num":10000},{"id":112,"num":10000},{"id":113,"num":10000},{"id":114,"num":50}],"rate":1},
{"id":4,"detail":13,"name":"霸者","icon":"pvp_a4_png","lvl":1,"cup":1500,"par":2500,"max_land":3000,"max_army":[{"id":111,"num":20000},{"id":112,"num":20000},{"id":113,"num":20000},{"id":114,"num":100}],"rate":3},
{"id":4,"detail":14,"name":"霸者","icon":"pvp_a4_png","lvl":2,"cup":1600,"par":4000,"max_land":3000,"max_army":[{"id":111,"num":20000},{"id":112,"num":20000},{"id":113,"num":20000},{"id":114,"num":100}],"rate":3},
{"id":4,"detail":15,"name":"霸者","icon":"pvp_a4_png","lvl":3,"cup":1700,"par":6750,"max_land":3000,"max_army":[{"id":111,"num":20000},{"id":112,"num":20000},{"id":113,"num":20000},{"id":114,"num":100}],"rate":3},
{"id":4,"detail":16,"name":"霸者","icon":"pvp_a4_png","lvl":4,"cup":1800,"par":10234,"max_land":3000,"max_army":[{"id":111,"num":20000},{"id":112,"num":20000},{"id":113,"num":20000},{"id":114,"num":100}],"rate":3},
{"id":5,"detail":17,"name":"列王","icon":"pvp_a5_png","lvl":1,"cup":1950,"par":19834,"max_land":5000,"max_army":[{"id":111,"num":40000},{"id":112,"num":40000},{"id":113,"num":40000},{"id":114,"num":200}],"rate":7},
{"id":5,"detail":18,"name":"列王","icon":"pvp_a5_png","lvl":2,"cup":2100,"par":41334,"max_land":5000,"max_army":[{"id":111,"num":40000},{"id":112,"num":40000},{"id":113,"num":40000},{"id":114,"num":200}],"rate":7},
{"id":5,"detail":19,"name":"列王","icon":"pvp_a5_png","lvl":3,"cup":2250,"par":70584,"max_land":5000,"max_army":[{"id":111,"num":40000},{"id":112,"num":40000},{"id":113,"num":40000},{"id":114,"num":200}],"rate":7},
{"id":5,"detail":20,"name":"列王","icon":"pvp_a5_png","lvl":4,"cup":2400,"par":104500,"max_land":5000,"max_army":[{"id":111,"num":40000},{"id":112,"num":40000},{"id":113,"num":40000},{"id":114,"num":200}],"rate":7},
{"id":6,"detail":21,"name":"帝国","icon":"pvp_a6_png","lvl":1,"cup":2550,"par":235417,"max_land":7000,"max_army":[{"id":111,"num":60000},{"id":112,"num":60000},{"id":113,"num":60000},{"id":114,"num":300}],"rate":10},
{"id":6,"detail":22,"name":"帝国","icon":"pvp_a6_png","lvl":2,"cup":2700,"par":336667,"max_land":7000,"max_army":[{"id":111,"num":60000},{"id":112,"num":60000},{"id":113,"num":60000},{"id":114,"num":300}],"rate":10},
{"id":6,"detail":23,"name":"帝国","icon":"pvp_a6_png","lvl":3,"cup":2850,"par":435000,"max_land":7000,"max_army":[{"id":111,"num":60000},{"id":112,"num":60000},{"id":113,"num":60000},{"id":114,"num":300}],"rate":10},
{"id":6,"detail":24,"name":"帝国","icon":"pvp_a6_png","lvl":4,"cup":3000,"par":526667,"max_land":7000,"max_army":[{"id":111,"num":60000},{"id":112,"num":60000},{"id":113,"num":60000},{"id":114,"num":300}],"rate":10},
{"id":7,"detail":25,"name":"传说","icon":"pvp_a7_png","lvl":1,"cup":3150,"par":1000334,"max_land":10000,"max_army":[{"id":111,"num":100000},{"id":112,"num":100000},{"id":113,"num":100000},{"id":114,"num":500}],"rate":20},
{"id":7,"detail":26,"name":"传说","icon":"pvp_a7_png","lvl":2,"cup":3300,"par":1370000,"max_land":10000,"max_army":[{"id":111,"num":100000},{"id":112,"num":100000},{"id":113,"num":100000},{"id":114,"num":500}],"rate":20},
{"id":7,"detail":27,"name":"传说","icon":"pvp_a7_png","lvl":3,"cup":3450,"par":1700000,"max_land":10000,"max_army":[{"id":111,"num":100000},{"id":112,"num":100000},{"id":113,"num":100000},{"id":114,"num":500}],"rate":20},
{"id":7,"detail":28,"name":"传说","icon":"pvp_a7_png","lvl":4,"cup":4500,"par":2080000,"max_land":10000,"max_army":[{"id":111,"num":100000},{"id":112,"num":100000},{"id":113,"num":100000},{"id":114,"num":500}],"rate":20},
{"id":8,"detail":29,"name":"战神","icon":"pvp_a8_png","lvl":1,"cup":5000,"par":2080000,"max_land":14000,"max_army":[{"id":111,"num":120000},{"id":112,"num":120000},{"id":113,"num":120000},{"id":114,"num":700}],"rate":25},
{"id":8,"detail":30,"name":"战神","icon":"pvp_a8_png","lvl":2,"cup":6000,"par":2080000,"max_land":14000,"max_army":[{"id":111,"num":120000},{"id":112,"num":120000},{"id":113,"num":120000},{"id":114,"num":700}],"rate":25},
{"id":8,"detail":31,"name":"战神","icon":"pvp_a8_png","lvl":3,"cup":7000,"par":2080000,"max_land":14000,"max_army":[{"id":111,"num":120000},{"id":112,"num":120000},{"id":113,"num":120000},{"id":114,"num":700}],"rate":25},
{"id":8,"detail":32,"name":"战神","icon":"pvp_a8_png","lvl":4,"cup":12000,"par":2080000,"max_land":14000,"max_army":[{"id":111,"num":120000},{"id":112,"num":120000},{"id":113,"num":120000},{"id":114,"num":700}],"rate":25},
{"id":9,"detail":33,"name":"永恒","icon":"pvp_a9_png","lvl":1,"cup":14000,"par":2080000,"max_land":15000,"max_army":[{"id":111,"num":150000},{"id":112,"num":150000},{"id":113,"num":150000},{"id":114,"num":900}],"rate":30},
{"id":9,"detail":34,"name":"永恒","icon":"pvp_a9_png","lvl":2,"cup":16000,"par":2080000,"max_land":15000,"max_army":[{"id":111,"num":150000},{"id":112,"num":150000},{"id":113,"num":150000},{"id":114,"num":900}],"rate":30},
{"id":9,"detail":35,"name":"永恒","icon":"pvp_a9_png","lvl":3,"cup":18000,"par":2080000,"max_land":15000,"max_army":[{"id":111,"num":150000},{"id":112,"num":150000},{"id":113,"num":150000},{"id":114,"num":900}],"rate":30},
{"id":9,"detail":36,"name":"永恒","icon":"pvp_a9_png","lvl":4,"cup":999999,"par":2080000,"max_land":15000,"max_army":[{"id":111,"num":150000},{"id":112,"num":150000},{"id":113,"num":150000},{"id":114,"num":900}],"rate":30}
]