[
{"id":10001,"name":"食物箱(小)","icon":"prop_10001_png","desc":"使用后获得2K食物","ptype":1,"num":1,"item":[{"prop":103,"num":2000}]},
{"id":10002,"name":"食物箱(中)","icon":"prop_10002_png","desc":"使用后获得50K食物","ptype":1,"num":1,"item":[{"prop":103,"num":50000}]},
{"id":10003,"name":"食物箱(大)","icon":"prop_10003_png","desc":"使用后获得500K食物","ptype":1,"num":1,"item":[{"prop":103,"num":500000}]},
{"id":10101,"name":"木头箱(小)","icon":"prop_10101_png","desc":"使用后获得2K木头","ptype":1,"num":1,"item":[{"prop":104,"num":2000}]},
{"id":10102,"name":"木头箱(中)","icon":"prop_10102_png","desc":"使用后获得50K木头","ptype":1,"num":1,"item":[{"prop":104,"num":50000}]},
{"id":10103,"name":"木头箱(大)","icon":"prop_10103_png","desc":"使用后获得500K木头","ptype":1,"num":1,"item":[{"prop":104,"num":500000}]},
{"id":10201,"name":"石头箱(小)","icon":"prop_10201_png","desc":"使用后获得2K石头","ptype":1,"num":1,"item":[{"prop":105,"num":2000}]},
{"id":10202,"name":"石头箱(中)","icon":"prop_10202_png","desc":"使用后获得50K石头","ptype":1,"num":1,"item":[{"prop":105,"num":50000}]},
{"id":10203,"name":"石头箱(大)","icon":"prop_10203_png","desc":"使用后获得500K石头","ptype":1,"num":1,"item":[{"prop":105,"num":500000}]},
{"id":10301,"name":"金属箱(小)","icon":"prop_10301_png","desc":"使用后获得1K金属","ptype":1,"num":1,"item":[{"prop":106,"num":1000}]},
{"id":10302,"name":"金属箱(中)","icon":"prop_10302_png","desc":"使用后获得20K金属","ptype":1,"num":1,"item":[{"prop":106,"num":20000}]},
{"id":10303,"name":"金属箱(大)","icon":"prop_10303_png","desc":"使用后获得100K金属","ptype":1,"num":1,"item":[{"prop":106,"num":100000}]},
{"id":10401,"name":"皮革箱(小)","icon":"prop_10401_png","desc":"使用后获得1K皮革","ptype":1,"num":1,"item":[{"prop":107,"num":1000}]},
{"id":10402,"name":"皮革箱(中)","icon":"prop_10402_png","desc":"使用后获得20K皮革","ptype":1,"num":1,"item":[{"prop":107,"num":20000}]},
{"id":10403,"name":"皮革箱(大)","icon":"prop_10403_png","desc":"使用后获得100K皮革","ptype":1,"num":1,"item":[{"prop":107,"num":100000}]},
{"id":10501,"name":"马匹箱(小)","icon":"prop_10501_png","desc":"使用后获得1K马匹","ptype":1,"num":1,"item":[{"prop":108,"num":1000}]},
{"id":10502,"name":"马匹箱(中)","icon":"prop_10502_png","desc":"使用后获得20K马匹","ptype":1,"num":1,"item":[{"prop":108,"num":20000}]},
{"id":10503,"name":"马匹箱(大)","icon":"prop_10503_png","desc":"使用后获得100K马匹","ptype":1,"num":1,"item":[{"prop":108,"num":100000}]},
{"id":10601,"name":"步兵礼包(小)","icon":"prop_10601_png","desc":"使用后获得1K步兵","ptype":2,"num":1,"item":[{"prop":111,"num":1000}]},
{"id":10602,"name":"步兵礼包(中)","icon":"prop_10602_png","desc":"使用后获得5K步兵","ptype":2,"num":1,"item":[{"prop":111,"num":5000}]},
{"id":10603,"name":"步兵礼包(大)","icon":"prop_10603_png","desc":"使用后获得20K步兵","ptype":2,"num":1,"item":[{"prop":111,"num":20000}]},
{"id":10701,"name":"弓手礼包(小)","icon":"prop_10701_png","desc":"使用后获得1K弓手，建造弓手营后才可使用哦","ptype":2,"num":1,"item":[{"prop":112,"num":1000}]},
{"id":10702,"name":"弓手礼包(中)","icon":"prop_10702_png","desc":"使用后获得5K弓手，建造弓手营后才可使用哦","ptype":2,"num":1,"item":[{"prop":112,"num":5000}]},
{"id":10703,"name":"弓手礼包(大)","icon":"prop_10703_png","desc":"使用后获得20K弓手，建造弓手营后才可使用哦","ptype":2,"num":1,"item":[{"prop":112,"num":20000}]},
{"id":10801,"name":"骑兵礼包(小)","icon":"prop_10801_png","desc":"使用后获得1K骑兵，建造骑兵营后才可使用哦","ptype":2,"num":1,"item":[{"prop":113,"num":1000}]},
{"id":10802,"name":"骑兵礼包(中)","icon":"prop_10802_png","desc":"使用后获得5K骑兵，建造骑兵营后才可使用哦","ptype":2,"num":1,"item":[{"prop":113,"num":5000}]},
{"id":10803,"name":"骑兵礼包(大)","icon":"prop_10803_png","desc":"使用后获得20K骑兵，建造骑兵营后才可使用哦","ptype":2,"num":1,"item":[{"prop":113,"num":20000}]},
{"id":10901,"name":"巨龙礼包(小)","icon":"prop_10901_png","desc":"使用后获得5条龙，建造龙穴后才可使用哦","ptype":2,"num":1,"item":[{"prop":114,"num":5}]},
{"id":10902,"name":"巨龙礼包(中)","icon":"prop_10902_png","desc":"使用后获得20条龙，建造龙穴后才可使用哦","ptype":2,"num":1,"item":[{"prop":114,"num":20}]},
{"id":10903,"name":"巨龙礼包(大)","icon":"prop_10903_png","desc":"使用后获得50条龙，建造龙穴后才可使用哦","ptype":2,"num":1,"item":[{"prop":114,"num":50}]},
{"id":11001,"name":"金币箱(小)","icon":"prop_11001_png","desc":"使用后获得5金币","ptype":1,"num":1,"item":[{"prop":101,"num":5}]},
{"id":11002,"name":"金币箱(中)","icon":"prop_11002_png","desc":"使用后获得10金币","ptype":1,"num":1,"item":[{"prop":101,"num":10}]},
{"id":11003,"name":"金币箱(大)","icon":"prop_11003_png","desc":"使用后获得20金币","ptype":1,"num":1,"item":[{"prop":101,"num":20}]},
{"id":11004,"name":"金币箱(特大)","icon":"prop_11004_png","desc":"使用后获得50金币","ptype":1,"num":1,"item":[{"prop":101,"num":50}]},
{"id":11101,"name":"圣石箱(小)","icon":"prop_11101_png","desc":"使用后获得5圣石","ptype":1,"num":1,"item":[{"prop":110,"num":5}]},
{"id":11102,"name":"圣石箱(中)","icon":"prop_11102_png","desc":"使用后获得10圣石","ptype":1,"num":1,"item":[{"prop":110,"num":10}]},
{"id":11103,"name":"圣石箱(大)","icon":"prop_11103_png","desc":"使用后获得20圣石","ptype":1,"num":1,"item":[{"prop":110,"num":20}]},
{"id":30001,"name":"8小时护盾","icon":"prop_30001_png","desc":"使用后增加8小时护盾","ptype":4,"num":1,"item":[{"prop":900,"num":8}]},
{"id":30002,"name":"生命加成","icon":"prop_30002_png","desc":"使用后12小时内所有部队生命增加50%","ptype":4,"num":1,"item":[{"prop":901,"num":12}]},
{"id":30003,"name":"攻击加成","icon":"prop_30003_png","desc":"使用后12小时内所有部队攻击增加50%","ptype":4,"num":1,"item":[{"prop":902,"num":12}]},
{"id":31001,"name":"少量领地","icon":"prop_31001_png","desc":"使用后获得1K领地","ptype":1,"num":1,"item":[{"prop":111,"num":1000}]},
{"id":31002,"name":"大量领地","icon":"prop_31002_png","desc":"使用后获得10K领地","ptype":1,"num":1,"item":[{"prop":111,"num":10000}]},
{"id":50000,"name":"青铜宝箱","icon":"prop_50000_png","desc":"打开后随机获得基础资源箱(小)或战争资源箱(小)，可获得2个","ptype":3,"num":2,"item":[{"prop":10001,"num":10},{"prop":10101,"num":10},{"prop":10201,"num":10},{"prop":10301,"num":10},{"prop":10401,"num":10},{"prop":10501,"num":10}]},
{"id":50001,"name":"白银宝箱","icon":"prop_50001_png","desc":"打开后随机获得各种小兵种礼包和中战争资源箱，可获得3个","ptype":3,"num":3,"item":[{"prop":10601,"num":20},{"prop":10701,"num":20},{"prop":10801,"num":20},{"prop":10302,"num":10},{"prop":10402,"num":10},{"prop":10502,"num":10}]},
{"id":50002,"name":"黄金宝箱","icon":"prop_50002_png","desc":"打开后随机获得兵种礼包（中）和资源箱，金币箱。可获得5个","ptype":3,"num":5,"item":[{"prop":10003,"num":10},{"prop":10103,"num":10},{"prop":10203,"num":10},{"prop":10303,"num":10},{"prop":10403,"num":10},{"prop":10503,"num":10},{"prop":11002,"num":10},{"prop":10602,"num":10},{"prop":10702,"num":10},{"prop":10802,"num":10},{"prop":10901,"num":10}]}
]