[
{"id":101,"name":"金币","icon":"mater_101_png","desc":"游戏中的货币，用途广泛，充值或奖励获得","ptype":1,"stype":0,"value":0,"soldier":0,"color":0,"divide":0,"num":0,"item":[]},
{"id":102,"name":"奖杯","icon":"mater_102_png","desc":"奖杯可提升领主品阶从而增加出战部队数量，与其他领主战斗获得","ptype":1,"stype":0,"value":0,"soldier":0,"color":0,"divide":0,"num":0,"item":[]},
{"id":103,"name":"食物","icon":"mater_103_png","desc":"基础资源，点击采集或者建造【农场】获得","ptype":2,"stype":0,"value":0,"soldier":0,"color":0,"divide":0,"num":0,"item":[]},
{"id":104,"name":"木头","icon":"mater_104_png","desc":"基础资源，点击采集或者建造【伐木场】获得","ptype":2,"stype":0,"value":0,"soldier":0,"color":0,"divide":0,"num":0,"item":[]},
{"id":105,"name":"石头","icon":"mater_105_png","desc":"基础资源，点击采集或者建造【采石场】获得","ptype":2,"stype":0,"value":0,"soldier":0,"color":0,"divide":0,"num":0,"item":[]},
{"id":106,"name":"金属","icon":"mater_106_png","desc":"招募步兵的材料，工厂【铁匠铺】生产获得","ptype":2,"stype":0,"value":0,"soldier":0,"color":0,"divide":0,"num":0,"item":[]},
{"id":107,"name":"皮革","icon":"mater_107_png","desc":"招募弓箭手的材料，工厂【皮革厂】生产获得","ptype":2,"stype":0,"value":0,"soldier":0,"color":0,"divide":0,"num":0,"item":[]},
{"id":108,"name":"马匹","icon":"mater_108_png","desc":"招募骑兵的材料，工厂【马厩】生产获得","ptype":2,"stype":0,"value":0,"soldier":0,"color":0,"divide":0,"num":0,"item":[]},
{"id":109,"name":"龙晶","icon":"mater_109_png","desc":"招募龙的材料，工厂【龙晶矿】生产获得","ptype":2,"stype":0,"value":0,"soldier":0,"color":0,"divide":0,"num":0,"item":[]},
{"id":110,"name":"圣石","icon":"mater_110_png","desc":"建造奇迹的材料，加入联盟后通过联盟科技捐献获得","ptype":2,"stype":0,"value":0,"soldier":0,"color":0,"divide":0,"num":0,"item":[]},
{"id":111,"name":"步兵","icon":"","desc":"步兵：最常见的主力兵种，常常活跃于战斗前线，容易遭受伤害，常常被人称为炮灰","ptype":6,"stype":0,"value":0,"soldier":0,"color":0,"divide":0,"num":0,"item":[]},
{"id":112,"name":"弓箭手","icon":"","desc":"弓箭手：游走在部队的边缘，灵活敏捷擅长远程射击，好像不那么容易死","ptype":6,"stype":0,"value":0,"soldier":0,"color":0,"divide":0,"num":0,"item":[]},
{"id":113,"name":"骑兵","icon":"","desc":"骑兵：攻击力勇敢、忠诚的象征，勇猛的冲锋部队，杀伤力强大","ptype":6,"stype":0,"value":0,"soldier":0,"color":0,"divide":0,"num":0,"item":[]},
{"id":114,"name":"龙","icon":"","desc":"龙：传说中的龙，不容易被杀死，龙息伤害巨大，所到之处，寸草不生！","ptype":6,"stype":0,"value":0,"soldier":0,"color":0,"divide":0,"num":0,"item":[]},
{"id":115,"name":"成就点","icon":"","desc":"","ptype":1,"stype":0,"value":0,"soldier":0,"color":0,"divide":0,"num":0,"item":[]},
{"id":116,"name":"领地","icon":"mater_116_png","desc":"建造兵营需要占用领地，主动进攻其他领主获得","ptype":2,"stype":0,"value":0,"soldier":0,"color":0,"divide":0,"num":0,"item":[]},
{"id":117,"name":"暗钢","icon":"mater_117_png","desc":"","ptype":2,"stype":0,"value":0,"soldier":0,"color":0,"divide":0,"num":0,"item":[]},
{"id":118,"name":"秘银","icon":"mater_118_png","desc":"","ptype":2,"stype":0,"value":0,"soldier":0,"color":0,"divide":0,"num":0,"item":[]},
{"id":119,"name":"战绩","icon":"mater_119_png","desc":"表示杀人数的多少，与其他领主战斗中杀死一定数量的敌人后获得","ptype":1,"stype":0,"value":0,"soldier":0,"color":0,"divide":0,"num":0,"item":[]},
{"id":120,"name":"神圣之力","icon":"mater_120_png","desc":"用来提升种族崇拜度和升级兵种","ptype":2,"stype":0,"value":0,"soldier":0,"color":0,"divide":0,"num":0,"item":[]},
{"id":900,"name":"护盾(小时)","icon":"mater_101_png","desc":"","ptype":3,"stype":0,"value":0,"soldier":0,"color":0,"divide":0,"num":0,"item":[]},
{"id":901,"name":"攻击加成(小时)","icon":"mater_101_png","desc":"","ptype":5,"stype":0,"value":0,"soldier":0,"color":0,"divide":0,"num":0,"item":[]},
{"id":902,"name":"生命加成(小时)","icon":"mater_101_png","desc":"","ptype":5,"stype":0,"value":0,"soldier":0,"color":0,"divide":0,"num":0,"item":[]},
{"id":903,"name":"出征上限10%(小时)","icon":"icon_buffbtroops_png","desc":"","ptype":5,"stype":0,"value":0,"soldier":0,"color":0,"divide":0,"num":0,"item":[]},
{"id":904,"name":"出征上限20%(小时)","icon":"icon_buffbtroops2_png","desc":"","ptype":5,"stype":0,"value":0,"soldier":0,"color":0,"divide":0,"num":0,"item":[]},
{"id":10001,"name":"食物箱(小)","icon":"prop_10001_png","desc":"使用后获得2K食物","ptype":4,"stype":1,"value":0,"soldier":0,"color":0,"divide":0,"num":1,"item":[{"prop":103,"num":2000,"rate":100}]},
{"id":10002,"name":"食物箱(中)","icon":"prop_10002_png","desc":"使用后获得50K食物","ptype":4,"stype":1,"value":0,"soldier":0,"color":0,"divide":0,"num":1,"item":[{"prop":103,"num":50000,"rate":100}]},
{"id":10003,"name":"食物箱(大)","icon":"prop_10003_png","desc":"使用后获得500K食物","ptype":4,"stype":1,"value":0,"soldier":0,"color":0,"divide":0,"num":1,"item":[{"prop":103,"num":500000,"rate":100}]},
{"id":10101,"name":"木头箱(小)","icon":"prop_10101_png","desc":"使用后获得2K木头","ptype":4,"stype":1,"value":0,"soldier":0,"color":0,"divide":0,"num":1,"item":[{"prop":104,"num":2000,"rate":100}]},
{"id":10102,"name":"木头箱(中)","icon":"prop_10102_png","desc":"使用后获得50K木头","ptype":4,"stype":1,"value":0,"soldier":0,"color":0,"divide":0,"num":1,"item":[{"prop":104,"num":50000,"rate":100}]},
{"id":10103,"name":"木头箱(大)","icon":"prop_10103_png","desc":"使用后获得500K木头","ptype":4,"stype":1,"value":0,"soldier":0,"color":0,"divide":0,"num":1,"item":[{"prop":104,"num":500000,"rate":100}]},
{"id":10201,"name":"石头箱(小)","icon":"prop_10201_png","desc":"使用后获得2K石头","ptype":4,"stype":1,"value":0,"soldier":0,"color":0,"divide":0,"num":1,"item":[{"prop":105,"num":2000,"rate":100}]},
{"id":10202,"name":"石头箱(中)","icon":"prop_10202_png","desc":"使用后获得50K石头","ptype":4,"stype":1,"value":0,"soldier":0,"color":0,"divide":0,"num":1,"item":[{"prop":105,"num":50000,"rate":100}]},
{"id":10203,"name":"石头箱(大)","icon":"prop_10203_png","desc":"使用后获得500K石头","ptype":4,"stype":1,"value":0,"soldier":0,"color":0,"divide":0,"num":1,"item":[{"prop":105,"num":500000,"rate":100}]},
{"id":10301,"name":"金属箱(小)","icon":"prop_10301_png","desc":"使用后获得1K金属","ptype":4,"stype":1,"value":0,"soldier":0,"color":0,"divide":0,"num":1,"item":[{"prop":106,"num":1000,"rate":100}]},
{"id":10302,"name":"金属箱(中)","icon":"prop_10302_png","desc":"使用后获得20K金属","ptype":4,"stype":1,"value":0,"soldier":0,"color":0,"divide":0,"num":1,"item":[{"prop":106,"num":20000,"rate":100}]},
{"id":10303,"name":"金属箱(大)","icon":"prop_10303_png","desc":"使用后获得100K金属","ptype":4,"stype":1,"value":0,"soldier":0,"color":0,"divide":0,"num":1,"item":[{"prop":106,"num":100000,"rate":100}]},
{"id":10401,"name":"皮革箱(小)","icon":"prop_10401_png","desc":"使用后获得1K皮革","ptype":4,"stype":1,"value":0,"soldier":0,"color":0,"divide":0,"num":1,"item":[{"prop":107,"num":1000,"rate":100}]},
{"id":10402,"name":"皮革箱(中)","icon":"prop_10402_png","desc":"使用后获得20K皮革","ptype":4,"stype":1,"value":0,"soldier":0,"color":0,"divide":0,"num":1,"item":[{"prop":107,"num":20000,"rate":100}]},
{"id":10403,"name":"皮革箱(大)","icon":"prop_10403_png","desc":"使用后获得100K皮革","ptype":4,"stype":1,"value":0,"soldier":0,"color":0,"divide":0,"num":1,"item":[{"prop":107,"num":100000,"rate":100}]},
{"id":10501,"name":"马匹箱(小)","icon":"prop_10501_png","desc":"使用后获得1K马匹","ptype":4,"stype":1,"value":0,"soldier":0,"color":0,"divide":0,"num":1,"item":[{"prop":108,"num":1000,"rate":100}]},
{"id":10502,"name":"马匹箱(中)","icon":"prop_10502_png","desc":"使用后获得20K马匹","ptype":4,"stype":1,"value":0,"soldier":0,"color":0,"divide":0,"num":1,"item":[{"prop":108,"num":20000,"rate":100}]},
{"id":10503,"name":"马匹箱(大)","icon":"prop_10503_png","desc":"使用后获得100K马匹","ptype":4,"stype":1,"value":0,"soldier":0,"color":0,"divide":0,"num":1,"item":[{"prop":108,"num":100000,"rate":100}]},
{"id":10551,"name":"1K暗钢","icon":"prop_10551_png","desc":"使用后获得1K暗钢","ptype":4,"stype":1,"value":0,"soldier":0,"color":0,"divide":0,"num":1,"item":[{"prop":117,"num":1000,"rate":100}]},
{"id":10552,"name":"5K暗钢","icon":"prop_10552_png","desc":"使用后获得5K暗钢","ptype":4,"stype":1,"value":0,"soldier":0,"color":0,"divide":0,"num":1,"item":[{"prop":117,"num":5000,"rate":100}]},
{"id":10561,"name":"1K秘银","icon":"prop_10561_png","desc":"使用后获得1K秘银","ptype":4,"stype":1,"value":0,"soldier":0,"color":0,"divide":0,"num":1,"item":[{"prop":118,"num":1000,"rate":100}]},
{"id":10562,"name":"5K秘银","icon":"prop_10562_png","desc":"使用后获得5K秘银","ptype":4,"stype":1,"value":0,"soldier":0,"color":0,"divide":0,"num":1,"item":[{"prop":118,"num":5000,"rate":100}]},
{"id":10571,"name":"100神圣之力","icon":"prop_10571_png","desc":"使用后获得100神圣之力","ptype":4,"stype":1,"value":0,"soldier":0,"color":0,"divide":0,"num":1,"item":[{"prop":120,"num":100,"rate":100}]},
{"id":10572,"name":"1K神圣之力","icon":"prop_10572_png","desc":"使用后获得1K神圣之力","ptype":4,"stype":1,"value":0,"soldier":0,"color":0,"divide":0,"num":1,"item":[{"prop":120,"num":1000,"rate":100}]},
{"id":10573,"name":"5K神圣之力","icon":"prop_10573_png","desc":"使用后获得5K神圣之力","ptype":4,"stype":1,"value":0,"soldier":0,"color":0,"divide":0,"num":1,"item":[{"prop":120,"num":5000,"rate":100}]},
{"id":10574,"name":"20K神圣之力","icon":"prop_10574_png","desc":"使用后获得20K神圣之力","ptype":4,"stype":1,"value":0,"soldier":0,"color":0,"divide":0,"num":1,"item":[{"prop":120,"num":20000,"rate":100}]},
{"id":10601,"name":"步兵礼包(小)","icon":"prop_10601_png","desc":"使用后获得1K步兵","ptype":4,"stype":2,"value":0,"soldier":0,"color":0,"divide":0,"num":1,"item":[{"prop":111,"num":1000,"rate":100}]},
{"id":10602,"name":"步兵礼包(中)","icon":"prop_10602_png","desc":"使用后获得5K步兵","ptype":4,"stype":2,"value":0,"soldier":0,"color":0,"divide":0,"num":1,"item":[{"prop":111,"num":5000,"rate":100}]},
{"id":10603,"name":"步兵礼包(大)","icon":"prop_10603_png","desc":"使用后获得20K步兵","ptype":4,"stype":2,"value":0,"soldier":0,"color":0,"divide":0,"num":1,"item":[{"prop":111,"num":20000,"rate":100}]},
{"id":10701,"name":"弓手礼包(小)","icon":"prop_10701_png","desc":"使用后获得1K弓手（各种族通用），建造弓手营后才可使用哦","ptype":4,"stype":2,"value":0,"soldier":0,"color":0,"divide":0,"num":1,"item":[{"prop":112,"num":1000,"rate":100}]},
{"id":10702,"name":"弓手礼包(中)","icon":"prop_10702_png","desc":"使用后获得5K弓手（各种族通用），建造弓手营后才可使用哦","ptype":4,"stype":2,"value":0,"soldier":0,"color":0,"divide":0,"num":1,"item":[{"prop":112,"num":5000,"rate":100}]},
{"id":10703,"name":"弓手礼包(大)","icon":"prop_10703_png","desc":"使用后获得20K弓手（各种族通用），建造弓手营后才可使用哦","ptype":4,"stype":2,"value":0,"soldier":0,"color":0,"divide":0,"num":1,"item":[{"prop":112,"num":20000,"rate":100}]},
{"id":10801,"name":"骑兵礼包(小)","icon":"prop_10801_png","desc":"使用后获得1K骑兵（各种族通用），建造骑兵营后才可使用哦","ptype":4,"stype":2,"value":0,"soldier":0,"color":0,"divide":0,"num":1,"item":[{"prop":113,"num":1000,"rate":100}]},
{"id":10802,"name":"骑兵礼包(中)","icon":"prop_10802_png","desc":"使用后获得5K骑兵（各种族通用），建造骑兵营后才可使用哦","ptype":4,"stype":2,"value":0,"soldier":0,"color":0,"divide":0,"num":1,"item":[{"prop":113,"num":5000,"rate":100}]},
{"id":10803,"name":"骑兵礼包(大)","icon":"prop_10803_png","desc":"使用后获得20K骑兵（各种族通用），建造骑兵营后才可使用哦","ptype":4,"stype":2,"value":0,"soldier":0,"color":0,"divide":0,"num":1,"item":[{"prop":113,"num":20000,"rate":100}]},
{"id":10901,"name":"巨龙礼包(小)","icon":"prop_10901_png","desc":"使用后获得5条龙（各种族通用），建造龙穴后才可使用哦","ptype":4,"stype":2,"value":0,"soldier":0,"color":0,"divide":0,"num":1,"item":[{"prop":114,"num":5,"rate":100}]},
{"id":10902,"name":"巨龙礼包(中)","icon":"prop_10902_png","desc":"使用后获得20条龙（各种族通用），建造龙穴后才可使用哦","ptype":4,"stype":2,"value":0,"soldier":0,"color":0,"divide":0,"num":1,"item":[{"prop":114,"num":20,"rate":100}]},
{"id":10903,"name":"巨龙礼包(大)","icon":"prop_10903_png","desc":"使用后获得50条龙（各种族通用），建造龙穴后才可使用哦","ptype":4,"stype":2,"value":0,"soldier":0,"color":0,"divide":0,"num":1,"item":[{"prop":114,"num":50,"rate":100}]},
{"id":11001,"name":"金币箱(小)","icon":"prop_11001_png","desc":"使用后获得5金币","ptype":4,"stype":1,"value":0,"soldier":0,"color":0,"divide":0,"num":1,"item":[{"prop":101,"num":5,"rate":100}]},
{"id":11002,"name":"金币箱(中)","icon":"prop_11002_png","desc":"使用后获得10金币","ptype":4,"stype":1,"value":0,"soldier":0,"color":0,"divide":0,"num":1,"item":[{"prop":101,"num":10,"rate":100}]},
{"id":11003,"name":"金币箱(大)","icon":"prop_11003_png","desc":"使用后获得20金币","ptype":4,"stype":1,"value":0,"soldier":0,"color":0,"divide":0,"num":1,"item":[{"prop":101,"num":20,"rate":100}]},
{"id":11004,"name":"金币箱(特大)","icon":"prop_11004_png","desc":"使用后获得50金币","ptype":4,"stype":1,"value":0,"soldier":0,"color":0,"divide":0,"num":1,"item":[{"prop":101,"num":50,"rate":100}]},
{"id":11101,"name":"圣石箱(小)","icon":"prop_11101_png","desc":"使用后获得5圣石","ptype":4,"stype":1,"value":0,"soldier":0,"color":0,"divide":0,"num":1,"item":[{"prop":110,"num":5,"rate":100}]},
{"id":11102,"name":"圣石箱(中)","icon":"prop_11102_png","desc":"使用后获得10圣石","ptype":4,"stype":1,"value":0,"soldier":0,"color":0,"divide":0,"num":1,"item":[{"prop":110,"num":10,"rate":100}]},
{"id":11103,"name":"圣石箱(大)","icon":"prop_11103_png","desc":"使用后获得20圣石","ptype":4,"stype":1,"value":0,"soldier":0,"color":0,"divide":0,"num":1,"item":[{"prop":110,"num":20,"rate":100}]},
{"id":30001,"name":"8小时护盾","icon":"prop_30001_png","desc":"使用后增加8小时护盾","ptype":4,"stype":4,"value":0,"soldier":0,"color":0,"divide":0,"num":1,"item":[{"prop":900,"num":8,"rate":100}]},
{"id":30002,"name":"生命加成","icon":"prop_30002_png","desc":"使用后12小时内所有部队生命增加50%","ptype":4,"stype":4,"value":0,"soldier":0,"color":0,"divide":0,"num":1,"item":[{"prop":902,"num":12,"rate":100}]},
{"id":30003,"name":"攻击加成","icon":"prop_30003_png","desc":"使用后12小时内所有部队攻击增加50%","ptype":4,"stype":4,"value":0,"soldier":0,"color":0,"divide":0,"num":1,"item":[{"prop":901,"num":12,"rate":100}]},
{"id":30004,"name":"出征上限（10%）","icon":"prop_30004_png","desc":"使用后1小时内参战部队上限增加10%","ptype":4,"stype":4,"value":0,"soldier":0,"color":0,"divide":0,"num":1,"item":[{"prop":903,"num":1,"rate":100}]},
{"id":30005,"name":"出征上限（20%）","icon":"prop_30005_png","desc":"使用后1小时内参战部队上限增加20%","ptype":4,"stype":4,"value":0,"soldier":0,"color":0,"divide":0,"num":1,"item":[{"prop":904,"num":1,"rate":100}]},
{"id":31001,"name":"1K领地","icon":"prop_31001_png","desc":"使用后获得1K领地","ptype":4,"stype":1,"value":0,"soldier":0,"color":0,"divide":0,"num":1,"item":[{"prop":116,"num":1000,"rate":100}]},
{"id":31002,"name":"10K领地","icon":"prop_31002_png","desc":"使用后获得10K领地","ptype":4,"stype":1,"value":0,"soldier":0,"color":0,"divide":0,"num":1,"item":[{"prop":116,"num":10000,"rate":100}]},
{"id":32001,"name":"双倍战斗券","icon":"prop_32001_png","desc":"在世界冒险中可消耗双倍体力领取双倍奖励","ptype":8,"stype":1,"value":0,"soldier":0,"color":0,"divide":0,"num":0,"item":[]},
{"id":33001,"name":"战书","icon":"prop_33001_png","desc":"用来在领主对决中换一批对手或搜索对手","ptype":4,"stype":6,"value":0,"soldier":0,"color":0,"divide":0,"num":0,"item":[]},
{"id":40000,"name":"农场主","icon":"prop_40000_png","desc":"该称号无属性加成","ptype":9,"stype":0,"value":0,"soldier":0,"color":0,"divide":0,"num":0,"item":[{"prop":100}]},
{"id":40001,"name":"大军阀","icon":"prop_40000_png","desc":"该称号无属性加成","ptype":9,"stype":0,"value":0,"soldier":0,"color":0,"divide":0,"num":0,"item":[{"prop":101}]},
{"id":40002,"name":"敢死队","icon":"prop_40000_png","desc":"该称号无属性加成","ptype":9,"stype":0,"value":0,"soldier":0,"color":0,"divide":0,"num":0,"item":[{"prop":102}]},
{"id":40003,"name":"角斗士","icon":"prop_40000_png","desc":"步兵攻击+5%","ptype":9,"stype":0,"value":0,"soldier":0,"color":0,"divide":0,"num":0,"item":[{"prop":103}]},
{"id":40004,"name":"神射手","icon":"prop_40000_png","desc":"弓手攻击+5%","ptype":9,"stype":0,"value":0,"soldier":0,"color":0,"divide":0,"num":0,"item":[{"prop":104}]},
{"id":40005,"name":"圣骑士","icon":"prop_40000_png","desc":"骑士攻击+5%","ptype":9,"stype":0,"value":0,"soldier":0,"color":0,"divide":0,"num":0,"item":[{"prop":105}]},
{"id":40006,"name":"驯龙者","icon":"prop_40000_png","desc":"龙攻击+5%","ptype":9,"stype":0,"value":0,"soldier":0,"color":0,"divide":0,"num":0,"item":[{"prop":106}]},
{"id":40007,"name":"这个领主很牛哔","icon":"prop_40000_png","desc":"该称号无属性加成","ptype":9,"stype":0,"value":0,"soldier":0,"color":0,"divide":0,"num":0,"item":[{"prop":107}]},
{"id":40008,"name":"我是杯具","icon":"prop_40000_png","desc":"该称号无属性加成","ptype":9,"stype":0,"value":0,"soldier":0,"color":0,"divide":0,"num":0,"item":[{"prop":108}]},
{"id":50000,"name":"青铜宝箱","icon":"prop_50000_png","desc":"打开后随机获得基础资源箱(小)或战争资源箱(小)，可获得2个","ptype":4,"stype":3,"value":0,"soldier":0,"color":0,"divide":0,"num":2,"item":[{"prop":10001,"num":1,"rate":100},{"prop":10101,"num":1,"rate":100},{"prop":10201,"num":1,"rate":100},{"prop":10301,"num":1,"rate":100},{"prop":10401,"num":1,"rate":100},{"prop":10501,"num":1,"rate":100}]},
{"id":50001,"name":"白银宝箱","icon":"prop_50001_png","desc":"打开后随机获得各种小兵种礼包和中战争资源箱，可获得3个","ptype":4,"stype":3,"value":0,"soldier":0,"color":0,"divide":0,"num":3,"item":[{"prop":10601,"num":1,"rate":100},{"prop":10701,"num":1,"rate":100},{"prop":10801,"num":1,"rate":100},{"prop":10302,"num":1,"rate":100},{"prop":10402,"num":1,"rate":100},{"prop":10502,"num":1,"rate":100}]},
{"id":50002,"name":"黄金宝箱","icon":"prop_50002_png","desc":"打开后随机获得兵种礼包（中）和资源箱，金币箱。可获得5个","ptype":4,"stype":3,"value":0,"soldier":0,"color":0,"divide":0,"num":5,"item":[{"prop":10003,"num":1,"rate":100},{"prop":10103,"num":1,"rate":100},{"prop":10203,"num":1,"rate":100},{"prop":10303,"num":1,"rate":100},{"prop":10403,"num":1,"rate":100},{"prop":10503,"num":1,"rate":100},{"prop":11002,"num":1,"rate":100},{"prop":10602,"num":1,"rate":100},{"prop":10702,"num":1,"rate":100},{"prop":10802,"num":1,"rate":100},{"prop":10901,"num":1,"rate":100}]},
{"id":55000,"name":"新年礼包","icon":"prop_55000_png","desc":"使用后随机获得若干件橙色或红色品质的武器","ptype":4,"stype":3,"value":0,"soldier":0,"color":0,"divide":0,"num":1,"item":[{"prop":60015,"num":10,"rate":250},{"prop":60018,"num":5,"rate":80},{"prop":60216,"num":10,"rate":250},{"prop":60219,"num":5,"rate":80},{"prop":60416,"num":10,"rate":240},{"prop":60419,"num":5,"rate":80},{"prop":60605,"num":2,"rate":10},{"prop":60606,"num":1,"rate":10}]},
{"id":55001,"name":"变异符文","icon":"prop_55001_png","desc":"选择种族时可替代一次次数","ptype":4,"stype":6,"value":0,"soldier":0,"color":0,"divide":0,"num":0,"item":[]},
{"id":55100,"name":"国家弹幕","icon":"prop_55100_png","desc":"本国的领主能看见您的弹幕","ptype":4,"stype":5,"value":0,"soldier":0,"color":0,"divide":0,"num":0,"item":[]},
{"id":55101,"name":"世界弹幕","icon":"prop_55101_png","desc":"全世界的领主都能看见您的弹幕","ptype":4,"stype":5,"value":0,"soldier":0,"color":0,"divide":0,"num":0,"item":[]},
{"id":60000,"name":"石斧","icon":"equip_60000_png","desc":"步兵 攻击+15","ptype":7,"stype":1,"value":15,"soldier":111,"color":2,"divide":1,"num":0,"item":[]},
{"id":60003,"name":"短刀","icon":"equip_60003_png","desc":"步兵 攻击+20","ptype":7,"stype":1,"value":20,"soldier":111,"color":2,"divide":1,"num":0,"item":[]},
{"id":60006,"name":"锋利手斧","icon":"equip_60006_png","desc":"步兵 攻击+40","ptype":7,"stype":1,"value":40,"soldier":111,"color":3,"divide":2,"num":0,"item":[]},
{"id":60009,"name":"精致短剑","icon":"equip_60009_png","desc":"步兵 攻击+50","ptype":7,"stype":1,"value":50,"soldier":111,"color":3,"divide":2,"num":0,"item":[]},
{"id":60012,"name":"狂野战斧","icon":"equip_60012_png","desc":"步兵 攻击+100","ptype":7,"stype":1,"value":100,"soldier":111,"color":4,"divide":5,"num":0,"item":[]},
{"id":60015,"name":"战神巨斧","icon":"equip_60015_png","desc":"步兵 攻击+150","ptype":7,"stype":1,"value":150,"soldier":111,"color":4,"divide":7,"num":0,"item":[]},
{"id":60018,"name":"泰坦巨斧","icon":"equip_60018_png","desc":"步兵 攻击+300","ptype":7,"stype":1,"value":300,"soldier":111,"color":5,"divide":15,"num":0,"item":[]},
{"id":60021,"name":"天使之剑","icon":"equip_60021_png","desc":"步兵 攻击+350","ptype":7,"stype":1,"value":350,"soldier":111,"color":5,"divide":15,"num":0,"item":[]},
{"id":60024,"name":"雷霆战斧","icon":"equip_60024_png","desc":"步兵 攻击+400","ptype":7,"stype":1,"value":400,"soldier":111,"color":5,"divide":15,"num":0,"item":[]},
{"id":60027,"name":"咆哮之锤","icon":"equip_60027_png","desc":"步兵 攻击+550","ptype":7,"stype":1,"value":550,"soldier":111,"color":6,"divide":20,"num":0,"item":[]},
{"id":60030,"name":"蛮兽巨斧","icon":"equip_60030_png","desc":"步兵 攻击+750","ptype":7,"stype":1,"value":750,"soldier":111,"color":6,"divide":20,"num":0,"item":[]},
{"id":60101,"name":"小木盾","icon":"equip_60101_png","desc":"步兵 生命+15","ptype":7,"stype":2,"value":15,"soldier":111,"color":2,"divide":1,"num":0,"item":[]},
{"id":60104,"name":"步兵盾","icon":"equip_60104_png","desc":"步兵 生命+20","ptype":7,"stype":2,"value":20,"soldier":111,"color":2,"divide":1,"num":0,"item":[]},
{"id":60107,"name":"坚硬铁盾","icon":"equip_60107_png","desc":"步兵 生命+50","ptype":7,"stype":2,"value":50,"soldier":111,"color":3,"divide":2,"num":0,"item":[]},
{"id":60110,"name":"精灵护盾","icon":"equip_60110_png","desc":"步兵 生命+100","ptype":7,"stype":2,"value":100,"soldier":111,"color":4,"divide":5,"num":0,"item":[]},
{"id":60116,"name":"泰坦巨盾","icon":"equip_60116_png","desc":"步兵 生命+300","ptype":7,"stype":2,"value":300,"soldier":111,"color":5,"divide":15,"num":0,"item":[]},
{"id":60119,"name":"战神巨盾","icon":"equip_60119_png","desc":"步兵 生命+350","ptype":7,"stype":2,"value":350,"soldier":111,"color":5,"divide":15,"num":0,"item":[]},
{"id":60122,"name":"圣光盾","icon":"equip_60122_png","desc":"步兵 生命+400","ptype":7,"stype":2,"value":400,"soldier":111,"color":5,"divide":15,"num":0,"item":[]},
{"id":60125,"name":"地渊之声","icon":"equip_60125_png","desc":"步兵 生命+550","ptype":7,"stype":2,"value":550,"soldier":111,"color":6,"divide":20,"num":0,"item":[]},
{"id":60128,"name":"龙葵板甲","icon":"equip_60128_png","desc":"步兵 生命+750","ptype":7,"stype":2,"value":750,"soldier":111,"color":6,"divide":20,"num":0,"item":[]},
{"id":60201,"name":"破木弓","icon":"equip_60201_png","desc":"弓手 攻击+20","ptype":7,"stype":1,"value":20,"soldier":112,"color":2,"divide":1,"num":0,"item":[]},
{"id":60204,"name":"猎人弓","icon":"equip_60204_png","desc":"弓手 攻击+25","ptype":7,"stype":1,"value":25,"soldier":112,"color":2,"divide":1,"num":0,"item":[]},
{"id":60207,"name":"烈焰弓","icon":"equip_60207_png","desc":"弓手 攻击+50","ptype":7,"stype":1,"value":50,"soldier":112,"color":3,"divide":3,"num":0,"item":[]},
{"id":60210,"name":"霜噬长弓","icon":"equip_60210_png","desc":"弓手 攻击+60","ptype":7,"stype":1,"value":60,"soldier":112,"color":3,"divide":3,"num":0,"item":[]},
{"id":60213,"name":"暗杀弩","icon":"equip_60213_png","desc":"弓手 攻击+120","ptype":7,"stype":1,"value":120,"soldier":112,"color":4,"divide":6,"num":0,"item":[]},
{"id":60216,"name":"泰坦弓","icon":"equip_60216_png","desc":"弓手 攻击+180","ptype":7,"stype":1,"value":180,"soldier":112,"color":4,"divide":9,"num":0,"item":[]},
{"id":60219,"name":"圣光弓","icon":"equip_60219_png","desc":"弓手 攻击+350","ptype":7,"stype":1,"value":350,"soldier":112,"color":5,"divide":18,"num":0,"item":[]},
{"id":60222,"name":"逐日弓","icon":"equip_60222_png","desc":"弓手 攻击+400","ptype":7,"stype":1,"value":400,"soldier":112,"color":5,"divide":18,"num":0,"item":[]},
{"id":60225,"name":"圣魔弓","icon":"equip_60225_png","desc":"弓手 攻击+450","ptype":7,"stype":1,"value":450,"soldier":112,"color":5,"divide":18,"num":0,"item":[]},
{"id":60228,"name":"制裁弓","icon":"equip_60228_png","desc":"弓手 攻击+600","ptype":7,"stype":1,"value":600,"soldier":112,"color":6,"divide":22,"num":0,"item":[]},
{"id":60231,"name":"巨神弓","icon":"equip_60231_png","desc":"弓手 攻击+850","ptype":7,"stype":1,"value":850,"soldier":112,"color":6,"divide":22,"num":0,"item":[]},
{"id":60301,"name":"粗糙披风","icon":"equip_60301_png","desc":"弓手 生命+20","ptype":7,"stype":2,"value":20,"soldier":112,"color":2,"divide":1,"num":0,"item":[]},
{"id":60304,"name":"猎人皮衣","icon":"equip_60304_png","desc":"弓手 生命+25","ptype":7,"stype":2,"value":25,"soldier":112,"color":2,"divide":1,"num":0,"item":[]},
{"id":60307,"name":"疾风靴","icon":"equip_60307_png","desc":"弓手 生命+50","ptype":7,"stype":2,"value":50,"soldier":112,"color":3,"divide":3,"num":0,"item":[]},
{"id":60310,"name":"潜行斗篷","icon":"equip_60310_png","desc":"弓手 生命+120","ptype":7,"stype":2,"value":120,"soldier":112,"color":4,"divide":6,"num":0,"item":[]},
{"id":60316,"name":"潜行者披风","icon":"equip_60316_png","desc":"弓手 生命+350","ptype":7,"stype":2,"value":350,"soldier":112,"color":5,"divide":18,"num":0,"item":[]},
{"id":60319,"name":"风行者斗篷","icon":"equip_60319_png","desc":"弓手 生命+400","ptype":7,"stype":2,"value":400,"soldier":112,"color":5,"divide":18,"num":0,"item":[]},
{"id":60322,"name":"天使披风","icon":"equip_60322_png","desc":"弓手 生命+450","ptype":7,"stype":2,"value":450,"soldier":112,"color":5,"divide":18,"num":0,"item":[]},
{"id":60325,"name":"影锋斗篷","icon":"equip_60325_png","desc":"弓手 生命+600","ptype":7,"stype":2,"value":600,"soldier":112,"color":6,"divide":22,"num":0,"item":[]},
{"id":60328,"name":"尖刺翡翠戒","icon":"equip_60328_png","desc":"弓手 生命+850","ptype":7,"stype":2,"value":850,"soldier":112,"color":6,"divide":22,"num":0,"item":[]},
{"id":60401,"name":"战斗长矛","icon":"equip_60401_png","desc":"骑兵 攻击+25","ptype":7,"stype":1,"value":25,"soldier":113,"color":2,"divide":1,"num":0,"item":[]},
{"id":60404,"name":"骑士剑","icon":"equip_60404_png","desc":"骑兵 攻击+30","ptype":7,"stype":1,"value":30,"soldier":113,"color":2,"divide":1,"num":0,"item":[]},
{"id":60407,"name":"禁卫之剑","icon":"equip_60407_png","desc":"骑兵 攻击+70","ptype":7,"stype":1,"value":70,"soldier":113,"color":3,"divide":3,"num":0,"item":[]},
{"id":60410,"name":"英勇长矛","icon":"equip_60410_png","desc":"骑兵 攻击+80","ptype":7,"stype":1,"value":80,"soldier":113,"color":3,"divide":3,"num":0,"item":[]},
{"id":60413,"name":"战神长剑","icon":"equip_60413_png","desc":"骑兵 攻击+150","ptype":7,"stype":1,"value":150,"soldier":113,"color":4,"divide":7,"num":0,"item":[]},
{"id":60416,"name":"命运之刃","icon":"equip_60416_png","desc":"骑兵 攻击+220","ptype":7,"stype":1,"value":220,"soldier":113,"color":4,"divide":10,"num":0,"item":[]},
{"id":60419,"name":"泰坦之剑","icon":"equip_60419_png","desc":"骑兵 攻击+450","ptype":7,"stype":1,"value":450,"soldier":113,"color":5,"divide":21,"num":0,"item":[]},
{"id":60422,"name":"命运之矛","icon":"equip_60422_png","desc":"骑兵 攻击+500","ptype":7,"stype":1,"value":500,"soldier":113,"color":5,"divide":21,"num":0,"item":[]},
{"id":60425,"name":"银月长矛","icon":"equip_60425_png","desc":"骑兵 攻击+550","ptype":7,"stype":1,"value":550,"soldier":113,"color":5,"divide":21,"num":0,"item":[]},
{"id":60428,"name":"猎手龙骨","icon":"equip_60428_png","desc":"骑兵 攻击+700","ptype":7,"stype":1,"value":700,"soldier":113,"color":6,"divide":25,"num":0,"item":[]},
{"id":60431,"name":"圣光幻枪","icon":"equip_60431_png","desc":"骑兵 攻击+1000","ptype":7,"stype":1,"value":1000,"soldier":113,"color":6,"divide":25,"num":0,"item":[]},
{"id":60501,"name":"铁头盔","icon":"equip_60501_png","desc":"骑兵 生命+25","ptype":7,"stype":2,"value":25,"soldier":113,"color":2,"divide":1,"num":0,"item":[]},
{"id":60504,"name":"将领头盔","icon":"equip_60504_png","desc":"骑兵 生命+30","ptype":7,"stype":2,"value":30,"soldier":113,"color":2,"divide":1,"num":0,"item":[]},
{"id":60507,"name":"勇士头盔","icon":"equip_60507_png","desc":"骑兵 生命+80","ptype":7,"stype":2,"value":80,"soldier":113,"color":3,"divide":3,"num":0,"item":[]},
{"id":60510,"name":"精钢战甲","icon":"equip_60510_png","desc":"骑兵 生命+150","ptype":7,"stype":2,"value":150,"soldier":113,"color":4,"divide":7,"num":0,"item":[]},
{"id":60516,"name":"传奇头盔","icon":"equip_60516_png","desc":"骑兵 生命+450","ptype":7,"stype":2,"value":450,"soldier":113,"color":5,"divide":21,"num":0,"item":[]},
{"id":60519,"name":"禁军胸甲","icon":"equip_60519_png","desc":"骑兵 生命+500","ptype":7,"stype":2,"value":500,"soldier":113,"color":5,"divide":21,"num":0,"item":[]},
{"id":60522,"name":"战神盔","icon":"equip_60522_png","desc":"骑兵 生命+550","ptype":7,"stype":2,"value":550,"soldier":113,"color":5,"divide":21,"num":0,"item":[]},
{"id":60525,"name":"幽魂领军","icon":"equip_60525_png","desc":"骑兵 生命+700","ptype":7,"stype":2,"value":700,"soldier":113,"color":6,"divide":25,"num":0,"item":[]},
{"id":60528,"name":"潮汐精盾","icon":"equip_60528_png","desc":"骑兵 生命+1000","ptype":7,"stype":2,"value":1000,"soldier":113,"color":6,"divide":25,"num":0,"item":[]},
{"id":60601,"name":"火焰符文","icon":"equip_60601_png","desc":"龙 攻击+10000","ptype":7,"stype":1,"value":10000,"soldier":114,"color":3,"divide":400,"num":0,"item":[]},
{"id":60604,"name":"狂野符文","icon":"equip_60604_png","desc":"龙 攻击+25000","ptype":7,"stype":1,"value":25000,"soldier":114,"color":4,"divide":700,"num":0,"item":[]},
{"id":60605,"name":"灰烬符文","icon":"equip_60605_png","desc":"龙 攻击+37500","ptype":7,"stype":1,"value":37500,"soldier":114,"color":4,"divide":1050,"num":0,"item":[]},
{"id":60606,"name":"上古符文","icon":"equip_60606_png","desc":"龙 攻击+75000","ptype":7,"stype":1,"value":75000,"soldier":114,"color":5,"divide":2100,"num":0,"item":[]},
{"id":60630,"name":"混沌符文","icon":"equip_60630_png","desc":"龙 攻击+75500","ptype":7,"stype":1,"value":75500,"soldier":114,"color":5,"divide":2100,"num":0,"item":[]},
{"id":60633,"name":"命运符文","icon":"equip_60633_png","desc":"龙 攻击+76000","ptype":7,"stype":1,"value":76000,"soldier":114,"color":5,"divide":2100,"num":0,"item":[]},
{"id":60636,"name":"湮灭符文","icon":"equip_60636_png","desc":"龙 攻击+90000","ptype":7,"stype":1,"value":90000,"soldier":114,"color":6,"divide":2500,"num":0,"item":[]},
{"id":60639,"name":"屠戮符文","icon":"equip_60639_png","desc":"龙 攻击+130000","ptype":7,"stype":1,"value":130000,"soldier":114,"color":6,"divide":2500,"num":0,"item":[]},
{"id":60607,"name":"守护指环","icon":"equip_60607_png","desc":"龙 生命+10000","ptype":7,"stype":2,"value":10000,"soldier":114,"color":3,"divide":400,"num":0,"item":[]},
{"id":60610,"name":"魔力指环","icon":"equip_60610_png","desc":"龙 生命+25000","ptype":7,"stype":2,"value":25000,"soldier":114,"color":4,"divide":700,"num":0,"item":[]},
{"id":60616,"name":"灵魂指环","icon":"equip_60616_png","desc":"龙 生命+75000","ptype":7,"stype":2,"value":75000,"soldier":114,"color":5,"divide":2100,"num":0,"item":[]},
{"id":60619,"name":"圣魔指环","icon":"equip_60619_png","desc":"龙 生命+75500","ptype":7,"stype":2,"value":75500,"soldier":114,"color":5,"divide":2100,"num":0,"item":[]},
{"id":60622,"name":"泰坦指环","icon":"equip_60622_png","desc":"龙 生命+76000","ptype":7,"stype":2,"value":76000,"soldier":114,"color":5,"divide":2100,"num":0,"item":[]},
{"id":60625,"name":"碧空之歌","icon":"equip_60625_png","desc":"龙 生命+90000","ptype":7,"stype":2,"value":90000,"soldier":114,"color":6,"divide":2500,"num":0,"item":[]},
{"id":60628,"name":"镶带触角","icon":"equip_60628_png","desc":"龙 生命+130000","ptype":7,"stype":2,"value":130000,"soldier":114,"color":6,"divide":2500,"num":0,"item":[]},
{"id":69999,"name":"装备碎片","icon":"equip_69999_png","desc":"可以用装备碎片开启装备宝箱，有几率获得蓝色~橙色装备","ptype":7,"stype":3,"value":1,"soldier":0,"color":2,"divide":1,"num":0,"item":[]},
{"id":80000,"name":"新年礼包","icon":"prop_80000_png","desc":"当你看到这条描述，请联系GM，游戏出错了","ptype":4,"stype":3,"value":0,"soldier":0,"color":0,"divide":0,"num":1,"item":[{"prop":60015,"num":10,"rate":250},{"prop":60018,"num":5,"rate":80},{"prop":60216,"num":10,"rate":250},{"prop":60219,"num":5,"rate":80},{"prop":60416,"num":10,"rate":240},{"prop":60419,"num":5,"rate":80},{"prop":60605,"num":2,"rate":10},{"prop":60606,"num":1,"rate":10}]}
]