[
{"id":10,"name":"领主试炼","next_id":20,"last_id":0,"icon":"pvecopy_100_png","condition":2,"copy":[{"icon":1000,"id":1001},{"icon":1001,"id":1002},{"icon":1004,"id":1003},{"icon":1010,"id":1004},{"icon":1004,"id":1005},{"icon":1001,"id":1006},{"icon":1002,"id":1007},{"icon":1002,"id":1008},{"icon":1004,"id":1009},{"icon":1001,"id":1010},{"icon":1001,"id":1011},{"icon":1002,"id":1012},{"icon":1001,"id":1013},{"icon":1012,"id":1014},{"icon":1001,"id":1015},{"icon":1002,"id":1016},{"icon":1001,"id":1017},{"icon":1004,"id":1018},{"icon":1001,"id":1019},{"icon":1004,"id":1020},{"icon":1001,"id":1021}]},
{"id":20,"name":"蛮荒平原","next_id":30,"last_id":10,"icon":"pvecopy_100_png","condition":3,"copy":[{"icon":1000,"id":1101},{"icon":1001,"id":1102},{"icon":1002,"id":1103},{"icon":1010,"id":1104},{"icon":1004,"id":1105},{"icon":1001,"id":1106},{"icon":1001,"id":1107},{"icon":1001,"id":1108},{"icon":1008,"id":1109},{"icon":1001,"id":1110},{"icon":1002,"id":1111},{"icon":1001,"id":1112},{"icon":1008,"id":1113},{"icon":1001,"id":1114},{"icon":1001,"id":1115},{"icon":1002,"id":1116},{"icon":1001,"id":1117},{"icon":1015,"id":1118},{"icon":1002,"id":1119},{"icon":1001,"id":1120},{"icon":1002,"id":1121}]},
{"id":30,"name":"静谧山谷","next_id":40,"last_id":20,"icon":"pvecopy_101_png","condition":4,"copy":[{"icon":1000,"id":1201},{"icon":1002,"id":1202},{"icon":1002,"id":1203},{"icon":1010,"id":1204},{"icon":1004,"id":1205},{"icon":1002,"id":1206},{"icon":1002,"id":1207},{"icon":1001,"id":1208},{"icon":1001,"id":1209},{"icon":1002,"id":1210},{"icon":1001,"id":1211},{"icon":1006,"id":1212},{"icon":1002,"id":1213},{"icon":1018,"id":1214},{"icon":1002,"id":1215},{"icon":1003,"id":1216},{"icon":1004,"id":1217},{"icon":1002,"id":1218},{"icon":1001,"id":1219},{"icon":1001,"id":1220},{"icon":1004,"id":1221}]},
{"id":40,"name":"黑暗森林","next_id":50,"last_id":30,"icon":"pvecopy_101_png","condition":4,"copy":[{"icon":1000,"id":1301},{"icon":1004,"id":1302},{"icon":1004,"id":1303},{"icon":1002,"id":1304},{"icon":1004,"id":1305},{"icon":1018,"id":1306},{"icon":1004,"id":1307},{"icon":1010,"id":1308},{"icon":1004,"id":1309},{"icon":1010,"id":1310},{"icon":1004,"id":1311},{"icon":1007,"id":1312},{"icon":1004,"id":1313},{"icon":1021,"id":1314},{"icon":1004,"id":1315},{"icon":1002,"id":1316},{"icon":1018,"id":1317},{"icon":1004,"id":1318},{"icon":1016,"id":1319},{"icon":1004,"id":1320},{"icon":1004,"id":1321}]},
{"id":50,"name":"遗忘村庄","next_id":60,"last_id":40,"icon":"pvecopy_102_png","condition":5,"copy":[{"icon":1000,"id":1401},{"icon":1004,"id":1402},{"icon":1005,"id":1403},{"icon":1016,"id":1404},{"icon":1002,"id":1405},{"icon":1012,"id":1406},{"icon":1001,"id":1407},{"icon":1004,"id":1408},{"icon":1003,"id":1409},{"icon":1004,"id":1410},{"icon":1002,"id":1411},{"icon":1017,"id":1412},{"icon":1001,"id":1413},{"icon":1002,"id":1414},{"icon":1002,"id":1415},{"icon":1004,"id":1416},{"icon":1004,"id":1417},{"icon":1006,"id":1418},{"icon":1002,"id":1419},{"icon":1005,"id":1420},{"icon":1001,"id":1421}]},
{"id":60,"name":"废弃矿区","next_id":70,"last_id":50,"icon":"pvecopy_102_png","condition":5,"copy":[{"icon":1000,"id":1501},{"icon":1015,"id":1502},{"icon":1001,"id":1503},{"icon":1013,"id":1504},{"icon":1001,"id":1505},{"icon":1014,"id":1506},{"icon":1002,"id":1507},{"icon":1001,"id":1508},{"icon":1002,"id":1509},{"icon":1002,"id":1510},{"icon":1011,"id":1511},{"icon":1002,"id":1512},{"icon":1002,"id":1513},{"icon":1009,"id":1514},{"icon":1009,"id":1515},{"icon":1001,"id":1516},{"icon":1014,"id":1517},{"icon":1002,"id":1518},{"icon":1001,"id":1519},{"icon":1015,"id":1520},{"icon":1001,"id":1521}]},
{"id":70,"name":"禁军要塞","next_id":80,"last_id":60,"icon":"pvecopy_102_png","condition":5,"copy":[{"icon":1000,"id":1601},{"icon":1001,"id":1602},{"icon":1020,"id":1603},{"icon":1002,"id":1604},{"icon":1020,"id":1605},{"icon":1022,"id":1606},{"icon":1001,"id":1607},{"icon":1012,"id":1608},{"icon":1001,"id":1609},{"icon":1023,"id":1610},{"icon":1004,"id":1611},{"icon":1002,"id":1612},{"icon":1020,"id":1613},{"icon":1004,"id":1614},{"icon":1020,"id":1615},{"icon":1002,"id":1616},{"icon":1004,"id":1617},{"icon":1004,"id":1618},{"icon":1010,"id":1619},{"icon":1002,"id":1620},{"icon":1002,"id":1621}]},
{"id":80,"name":"诅咒之地","next_id":90,"last_id":70,"icon":"pvecopy_103_png","condition":6,"copy":[{"icon":1000,"id":1701},{"icon":1015,"id":1702},{"icon":1026,"id":1703},{"icon":1001,"id":1704},{"icon":1019,"id":1705},{"icon":1026,"id":1706},{"icon":1001,"id":1707},{"icon":1026,"id":1708},{"icon":1013,"id":1709},{"icon":1025,"id":1710},{"icon":1026,"id":1711},{"icon":1026,"id":1712},{"icon":1022,"id":1713},{"icon":1026,"id":1714},{"icon":1001,"id":1715},{"icon":1026,"id":1716},{"icon":1026,"id":1717},{"icon":1019,"id":1718},{"icon":1013,"id":1719},{"icon":1026,"id":1720},{"icon":1027,"id":1721}]},
{"id":90,"name":"巨龙巢穴","next_id":100,"last_id":80,"icon":"pvecopy_103_png","condition":6,"copy":[{"icon":1000,"id":1801},{"icon":1004,"id":1802},{"icon":1019,"id":1803},{"icon":1025,"id":1804},{"icon":1015,"id":1805},{"icon":1026,"id":1806},{"icon":1015,"id":1807},{"icon":1015,"id":1808},{"icon":1026,"id":1809},{"icon":1002,"id":1810},{"icon":1008,"id":1811},{"icon":1026,"id":1812},{"icon":1025,"id":1813},{"icon":1025,"id":1814},{"icon":1002,"id":1815},{"icon":1025,"id":1816},{"icon":1026,"id":1817},{"icon":1002,"id":1818},{"icon":1019,"id":1819},{"icon":1002,"id":1820},{"icon":1027,"id":1821}]},
{"id":100,"name":"上古废墟","next_id":110,"last_id":90,"icon":"pvecopy_104_png","condition":7,"copy":[{"icon":1000,"id":1901},{"icon":1024,"id":1902},{"icon":1001,"id":1903},{"icon":1002,"id":1904},{"icon":1008,"id":1905},{"icon":1002,"id":1906},{"icon":1021,"id":1907},{"icon":1002,"id":1908},{"icon":1001,"id":1909},{"icon":1002,"id":1910},{"icon":1024,"id":1911},{"icon":1001,"id":1912},{"icon":1008,"id":1913},{"icon":1001,"id":1914},{"icon":1008,"id":1915},{"icon":1013,"id":1916},{"icon":1001,"id":1917},{"icon":1002,"id":1918},{"icon":1015,"id":1919},{"icon":1013,"id":1920},{"icon":1027,"id":1921}]},
{"id":110,"name":"荒野孤岛","next_id":120,"last_id":100,"icon":"pvecopy_105_png","condition":7,"copy":[{"icon":1000,"id":2001},{"icon":1002,"id":2002},{"icon":1008,"id":2003},{"icon":1002,"id":2004},{"icon":1015,"id":2005},{"icon":1022,"id":2006},{"icon":1001,"id":2007},{"icon":1004,"id":2008},{"icon":1001,"id":2009},{"icon":1024,"id":2010},{"icon":1004,"id":2011},{"icon":1002,"id":2012},{"icon":1013,"id":2013},{"icon":1004,"id":2014},{"icon":1020,"id":2015},{"icon":1002,"id":2016},{"icon":1004,"id":2017},{"icon":1008,"id":2018},{"icon":1010,"id":2019},{"icon":1002,"id":2020},{"icon":1027,"id":2021}]},
{"id":120,"name":"外域大陆","next_id":130,"last_id":110,"icon":"pvecopy_105_png","condition":7,"copy":[{"icon":1000,"id":2101},{"icon":1024,"id":2102},{"icon":1004,"id":2103},{"icon":1002,"id":2104},{"icon":1004,"id":2105},{"icon":1002,"id":2106},{"icon":1023,"id":2107},{"icon":1002,"id":2108},{"icon":1004,"id":2109},{"icon":1004,"id":2110},{"icon":1024,"id":2111},{"icon":1002,"id":2112},{"icon":1008,"id":2113},{"icon":1004,"id":2114},{"icon":1018,"id":2115},{"icon":1003,"id":2116},{"icon":1004,"id":2117},{"icon":1002,"id":2118},{"icon":1015,"id":2119},{"icon":1013,"id":2120},{"icon":1027,"id":2121}]},
{"id":130,"name":"远古之地","next_id":0,"last_id":120,"icon":"pvecopy_105_png","condition":8,"copy":[{"icon":1000,"id":2201},{"icon":1015,"id":2202},{"icon":1026,"id":2203},{"icon":1001,"id":2204},{"icon":1019,"id":2205},{"icon":1026,"id":2206},{"icon":1001,"id":2207},{"icon":1026,"id":2208},{"icon":1013,"id":2209},{"icon":1025,"id":2210},{"icon":1026,"id":2211},{"icon":1026,"id":2212},{"icon":1022,"id":2213},{"icon":1026,"id":2214},{"icon":1001,"id":2215},{"icon":1026,"id":2216},{"icon":1026,"id":2217},{"icon":1019,"id":2218},{"icon":1013,"id":2219},{"icon":1026,"id":2220},{"icon":1027,"id":2221}]}
]