[
{"id":101,"name":"步兵营图纸","icon":"sci_101_png","desc":"解锁步兵营、铁匠铺；可招募步兵","next_id":102,"condi":0,"need":[{"prop":106,"num":500}],"ptype":1,"etype":0,"value":0,"cd_time":1,"exp":300},
{"id":102,"name":"弓手营图纸","icon":"sci_102_png","desc":"解锁弓手营、皮革厂；可招募弓箭手","next_id":103,"condi":0,"need":[{"prop":103,"num":50000},{"prop":106,"num":50000}],"ptype":1,"etype":0,"value":0,"cd_time":7200,"exp":300},
{"id":103,"name":"骑兵营图纸","icon":"sci_103_png","desc":"解锁骑兵营、马厩；可招募骑兵","next_id":104,"condi":0,"need":[{"prop":103,"num":500000},{"prop":107,"num":500000}],"ptype":1,"etype":0,"value":0,"cd_time":36000,"exp":300},
{"id":104,"name":"龙穴图纸","icon":"sci_104_png","desc":"解锁龙穴、龙晶矿；可招募龙","next_id":0,"condi":0,"need":[{"prop":104,"num":5000000},{"prop":108,"num":5000000}],"ptype":1,"etype":0,"value":0,"cd_time":86400,"exp":300},
{"id":201,"name":"种植技术1","icon":"sci_201_png","desc":"提高农场产量","next_id":202,"condi":0,"need":[{"prop":105,"num":10000},{"prop":106,"num":5000}],"ptype":2,"etype":3,"value":0.1,"cd_time":1200,"exp":300},
{"id":202,"name":"伐木技术1","icon":"sci_202_png","desc":"提高伐木场产量","next_id":203,"condi":0,"need":[{"prop":105,"num":20000},{"prop":106,"num":10000}],"ptype":2,"etype":4,"value":0.1,"cd_time":1800,"exp":300},
{"id":203,"name":"挖掘技术1","icon":"sci_203_png","desc":"提高矿石厂产量","next_id":204,"condi":0,"need":[{"prop":105,"num":50000},{"prop":106,"num":20000}],"ptype":2,"etype":5,"value":0.1,"cd_time":2400,"exp":300},
{"id":204,"name":"种植技术2","icon":"sci_204_png","desc":"提高农场产量","next_id":205,"condi":0,"need":[{"prop":105,"num":100000},{"prop":107,"num":50000}],"ptype":2,"etype":3,"value":0.1,"cd_time":3000,"exp":300},
{"id":205,"name":"伐木技术2","icon":"sci_205_png","desc":"提高伐木场产量","next_id":206,"condi":0,"need":[{"prop":105,"num":200000},{"prop":107,"num":100000}],"ptype":2,"etype":4,"value":0.1,"cd_time":3600,"exp":300},
{"id":206,"name":"挖掘技术2","icon":"sci_206_png","desc":"提高矿石厂产量","next_id":207,"condi":0,"need":[{"prop":105,"num":200000},{"prop":107,"num":200000}],"ptype":2,"etype":5,"value":0.1,"cd_time":4800,"exp":300},
{"id":207,"name":"种植技术3","icon":"sci_207_png","desc":"提高农场产量","next_id":208,"condi":0,"need":[{"prop":104,"num":400000},{"prop":106,"num":400000}],"ptype":2,"etype":3,"value":0.1,"cd_time":6000,"exp":300},
{"id":208,"name":"伐木技术3","icon":"sci_208_png","desc":"提高伐木场产量","next_id":209,"condi":0,"need":[{"prop":105,"num":700000},{"prop":107,"num":700000}],"ptype":2,"etype":4,"value":0.1,"cd_time":7200,"exp":300},
{"id":209,"name":"挖掘技术3","icon":"sci_209_png","desc":"提高矿石厂产量","next_id":210,"condi":0,"need":[{"prop":104,"num":1000000},{"prop":106,"num":1000000}],"ptype":2,"etype":5,"value":0.1,"cd_time":8400,"exp":300},
{"id":210,"name":"种植技术4","icon":"sci_210_png","desc":"提高农场产量","next_id":211,"condi":0,"need":[{"prop":105,"num":2000000},{"prop":107,"num":2000000}],"ptype":2,"etype":3,"value":0.1,"cd_time":10800,"exp":""},
{"id":211,"name":"伐木技术4","icon":"sci_211_png","desc":"提高伐木场产量","next_id":212,"condi":0,"need":[{"prop":105,"num":3000000},{"prop":107,"num":3000000}],"ptype":2,"etype":4,"value":0.1,"cd_time":13200,"exp":""},
{"id":212,"name":"挖掘技术4","icon":"sci_212_png","desc":"提高矿石厂产量","next_id":213,"condi":0,"need":[{"prop":105,"num":4000000},{"prop":107,"num":4000000}],"ptype":2,"etype":5,"value":0.1,"cd_time":15600,"exp":""},
{"id":213,"name":"种植技术5","icon":"sci_213_png","desc":"提高农场产量","next_id":214,"condi":0,"need":[{"prop":105,"num":5000000},{"prop":108,"num":5000000}],"ptype":2,"etype":3,"value":0.1,"cd_time":18000,"exp":""},
{"id":214,"name":"伐木技术5","icon":"sci_214_png","desc":"提高伐木场产量","next_id":215,"condi":0,"need":[{"prop":105,"num":6000000},{"prop":108,"num":6000000}],"ptype":2,"etype":4,"value":0.1,"cd_time":20400,"exp":""},
{"id":215,"name":"挖掘技术5","icon":"sci_215_png","desc":"提高矿石厂产量","next_id":216,"condi":0,"need":[{"prop":105,"num":7000000},{"prop":108,"num":7000000}],"ptype":2,"etype":5,"value":0.1,"cd_time":22800,"exp":""},
{"id":216,"name":"种植技术6","icon":"sci_216_png","desc":"提高农场产量","next_id":217,"condi":0,"need":[{"prop":105,"num":8000000},{"prop":109,"num":8000000}],"ptype":2,"etype":3,"value":0.1,"cd_time":25200,"exp":""},
{"id":217,"name":"伐木技术6","icon":"sci_217_png","desc":"提高伐木场产量","next_id":218,"condi":0,"need":[{"prop":105,"num":9000000},{"prop":109,"num":9000000}],"ptype":2,"etype":4,"value":0.1,"cd_time":27600,"exp":""},
{"id":218,"name":"挖掘技术6","icon":"sci_218_png","desc":"提高矿石厂产量","next_id":219,"condi":0,"need":[{"prop":105,"num":10000000},{"prop":109,"num":10000000}],"ptype":2,"etype":5,"value":0.1,"cd_time":30000,"exp":""},
{"id":219,"name":"种植技术7","icon":"sci_219_png","desc":"提高农场产量","next_id":220,"condi":0,"need":[{"prop":106,"num":11000000},{"prop":107,"num":11000000}],"ptype":2,"etype":3,"value":0.1,"cd_time":32400,"exp":""},
{"id":220,"name":"伐木技术7","icon":"sci_220_png","desc":"提高伐木场产量","next_id":221,"condi":0,"need":[{"prop":108,"num":12000000},{"prop":109,"num":12000000}],"ptype":2,"etype":4,"value":0.1,"cd_time":34800,"exp":""},
{"id":221,"name":"挖掘技术7","icon":"sci_221_png","desc":"提高矿石厂产量","next_id":222,"condi":0,"need":[{"prop":106,"num":13000000},{"prop":107,"num":13000000}],"ptype":2,"etype":5,"value":0.1,"cd_time":37200,"exp":""},
{"id":222,"name":"种植技术8","icon":"sci_222_png","desc":"提高农场产量","next_id":223,"condi":0,"need":[{"prop":108,"num":14000000},{"prop":109,"num":14000000}],"ptype":2,"etype":3,"value":0.1,"cd_time":39600,"exp":""},
{"id":223,"name":"伐木技术8","icon":"sci_223_png","desc":"提高伐木场产量","next_id":224,"condi":0,"need":[{"prop":106,"num":15000000},{"prop":107,"num":15000000}],"ptype":2,"etype":4,"value":0.1,"cd_time":42000,"exp":""},
{"id":224,"name":"挖掘技术8","icon":"sci_224_png","desc":"提高矿石厂产量","next_id":225,"condi":0,"need":[{"prop":108,"num":16000000},{"prop":109,"num":16000000}],"ptype":2,"etype":5,"value":0.1,"cd_time":44400,"exp":""},
{"id":225,"name":"种植技术9","icon":"sci_225_png","desc":"提高农场产量","next_id":226,"condi":0,"need":[{"prop":106,"num":17000000},{"prop":107,"num":17000000}],"ptype":2,"etype":3,"value":0.1,"cd_time":46800,"exp":""},
{"id":226,"name":"伐木技术9","icon":"sci_226_png","desc":"提高伐木场产量","next_id":227,"condi":0,"need":[{"prop":108,"num":18000000},{"prop":109,"num":18000000}],"ptype":2,"etype":4,"value":0.1,"cd_time":49200,"exp":""},
{"id":227,"name":"挖掘技术9","icon":"sci_227_png","desc":"提高矿石厂产量","next_id":228,"condi":0,"need":[{"prop":106,"num":19000000},{"prop":107,"num":19000000}],"ptype":2,"etype":5,"value":0.1,"cd_time":51600,"exp":""},
{"id":228,"name":"种植技术10","icon":"sci_228_png","desc":"提高农场产量","next_id":229,"condi":0,"need":[{"prop":108,"num":20000000},{"prop":109,"num":20000000}],"ptype":2,"etype":3,"value":0.1,"cd_time":54000,"exp":""},
{"id":229,"name":"伐木技术10","icon":"sci_229_png","desc":"提高伐木场产量","next_id":230,"condi":0,"need":[{"prop":106,"num":20000000},{"prop":107,"num":20000000}],"ptype":2,"etype":4,"value":0.1,"cd_time":56400,"exp":""},
{"id":230,"name":"挖掘技术10","icon":"sci_230_png","desc":"提高矿石厂产量","next_id":0,"condi":0,"need":[{"prop":108,"num":20000000},{"prop":109,"num":20000000}],"ptype":2,"etype":5,"value":0.1,"cd_time":58800,"exp":""},
{"id":301,"name":"冶炼术1","icon":"sci_301_png","desc":"提高铁匠铺转化速度","next_id":302,"condi":101,"need":[{"prop":103,"num":100000},{"prop":106,"num":100000}],"ptype":3,"etype":6,"value":0.1,"cd_time":1200,"exp":300},
{"id":302,"name":"工艺技术1","icon":"sci_302_png","desc":"提高皮革厂转化速度","next_id":303,"condi":102,"need":[{"prop":105,"num":200000},{"prop":107,"num":200000}],"ptype":3,"etype":7,"value":0.1,"cd_time":3600,"exp":300},
{"id":303,"name":"饲养技术1","icon":"sci_303_png","desc":"提高马厩转化速度","next_id":304,"condi":103,"need":[{"prop":105,"num":500000},{"prop":108,"num":500000}],"ptype":3,"etype":8,"value":0.1,"cd_time":7200,"exp":300},
{"id":304,"name":"开采技术1","icon":"sci_304_png","desc":"提高龙晶矿转化速度","next_id":305,"condi":104,"need":[{"prop":105,"num":1000000},{"prop":109,"num":1000000}],"ptype":3,"etype":9,"value":0.1,"cd_time":14400,"exp":300},
{"id":305,"name":"冶炼技术2","icon":"sci_305_png","desc":"提高铁匠铺转化速度","next_id":306,"condi":0,"need":[{"prop":103,"num":2000000},{"prop":106,"num":2000000}],"ptype":3,"etype":6,"value":0.1,"cd_time":21600,"exp":300},
{"id":306,"name":"工艺技术2","icon":"sci_306_png","desc":"提高皮革厂转化速度","next_id":307,"condi":0,"need":[{"prop":105,"num":4000000},{"prop":107,"num":4000000}],"ptype":3,"etype":7,"value":0.1,"cd_time":28800,"exp":300},
{"id":307,"name":"饲养技术2","icon":"sci_307_png","desc":"提高马厩转化速度","next_id":308,"condi":0,"need":[{"prop":105,"num":6000000},{"prop":108,"num":6000000}],"ptype":3,"etype":8,"value":0.1,"cd_time":36000,"exp":300},
{"id":308,"name":"开采技术2","icon":"sci_308_png","desc":"提高龙晶矿转化速度","next_id":309,"condi":0,"need":[{"prop":105,"num":8000000},{"prop":109,"num":8000000}],"ptype":3,"etype":9,"value":0.1,"cd_time":43200,"exp":300},
{"id":309,"name":"冶炼术3","icon":"sci_309_png","desc":"提高铁匠铺转化速度","next_id":310,"condi":0,"need":[{"prop":103,"num":10000000},{"prop":106,"num":10000000}],"ptype":3,"etype":6,"value":0.1,"cd_time":50400,"exp":300},
{"id":310,"name":"工艺技术3","icon":"sci_310_png","desc":"提高皮革厂转化速度","next_id":311,"condi":0,"need":[{"prop":105,"num":13000000},{"prop":107,"num":13000000}],"ptype":3,"etype":7,"value":0.1,"cd_time":57600,"exp":300},
{"id":311,"name":"饲养技术3","icon":"sci_311_png","desc":"提高马厩转化速度","next_id":312,"condi":0,"need":[{"prop":105,"num":16000000},{"prop":108,"num":16000000}],"ptype":3,"etype":8,"value":0.1,"cd_time":64800,"exp":300},
{"id":312,"name":"开采技术3","icon":"sci_312_png","desc":"提高龙晶矿转化速度","next_id":313,"condi":0,"need":[{"prop":105,"num":20000000},{"prop":109,"num":20000000}],"ptype":3,"etype":9,"value":0.1,"cd_time":72000,"exp":300},
{"id":313,"name":"冶炼术4","icon":"sci_313_png","desc":"提高铁匠铺转化速度","next_id":314,"condi":0,"need":[{"prop":103,"num":25000000},{"prop":106,"num":25000000}],"ptype":3,"etype":6,"value":0.1,"cd_time":50400,"exp":300},
{"id":314,"name":"工艺技术4","icon":"sci_314_png","desc":"提高皮革厂转化速度","next_id":315,"condi":0,"need":[{"prop":105,"num":30000000},{"prop":107,"num":30000000}],"ptype":3,"etype":7,"value":0.1,"cd_time":57600,"exp":300},
{"id":315,"name":"饲养技术4","icon":"sci_315_png","desc":"提高马厩转化速度","next_id":316,"condi":0,"need":[{"prop":105,"num":35000000},{"prop":108,"num":35000000}],"ptype":3,"etype":8,"value":0.1,"cd_time":64800,"exp":300},
{"id":316,"name":"开采技术4","icon":"sci_316_png","desc":"提高龙晶矿转化速度","next_id":317,"condi":0,"need":[{"prop":105,"num":40000000},{"prop":109,"num":40000000}],"ptype":3,"etype":9,"value":0.1,"cd_time":72000,"exp":300},
{"id":317,"name":"冶炼术5","icon":"sci_317_png","desc":"提高铁匠铺转化速度","next_id":318,"condi":0,"need":[{"prop":103,"num":45000000},{"prop":106,"num":45000000}],"ptype":3,"etype":6,"value":0.1,"cd_time":50400,"exp":300},
{"id":318,"name":"工艺技术5","icon":"sci_318_png","desc":"提高皮革厂转化速度","next_id":319,"condi":0,"need":[{"prop":105,"num":50000000},{"prop":107,"num":50000000}],"ptype":3,"etype":7,"value":0.1,"cd_time":57600,"exp":300},
{"id":319,"name":"饲养技术5","icon":"sci_319_png","desc":"提高马厩转化速度","next_id":320,"condi":0,"need":[{"prop":105,"num":50000000},{"prop":108,"num":50000000}],"ptype":3,"etype":8,"value":0.1,"cd_time":64800,"exp":300},
{"id":320,"name":"开采技术5","icon":"sci_320_png","desc":"提高龙晶矿转化速度","next_id":0,"condi":0,"need":[{"prop":105,"num":50000000},{"prop":109,"num":50000000}],"ptype":3,"etype":9,"value":0.1,"cd_time":72000,"exp":300},
{"id":401,"name":"步兵2","icon":"sci_401_png","desc":"提升步兵实力","next_id":402,"condi":101,"need":[{"prop":106,"num":200000},{"prop":118,"num":20}],"ptype":4,"etype":11,"value":1,"cd_time":18000,"exp":300},
{"id":402,"name":"弓箭手2","icon":"sci_402_png","desc":"提升弓箭手的实力","next_id":403,"condi":102,"need":[{"prop":107,"num":2000000},{"prop":118,"num":50}],"ptype":4,"etype":12,"value":1,"cd_time":36000,"exp":300},
{"id":403,"name":"骑士2","icon":"sci_403_png","desc":"提升骑士的实力","next_id":404,"condi":103,"need":[{"prop":108,"num":10000000},{"prop":118,"num":100}],"ptype":4,"etype":13,"value":1,"cd_time":54000,"exp":300},
{"id":404,"name":"龙2","icon":"sci_404_png","desc":"提升龙的实力","next_id":405,"condi":104,"need":[{"prop":106,"num":20000000},{"prop":118,"num":200}],"ptype":4,"etype":14,"value":1,"cd_time":72000,"exp":300},
{"id":405,"name":"步兵3","icon":"sci_405_png","desc":"提升步兵实力","next_id":406,"condi":0,"need":[{"prop":107,"num":40000000},{"prop":118,"num":1000}],"ptype":4,"etype":11,"value":1,"cd_time":72000,"exp":300},
{"id":406,"name":"弓箭手3","icon":"sci_406_png","desc":"提升弓箭手的实力","next_id":407,"condi":0,"need":[{"prop":108,"num":90000000},{"prop":118,"num":2000}],"ptype":4,"etype":12,"value":1,"cd_time":72000,"exp":300},
{"id":407,"name":"骑士3","icon":"sci_407_png","desc":"提升骑士的实力","next_id":408,"condi":0,"need":[{"prop":106,"num":90000000},{"prop":118,"num":5000}],"ptype":4,"etype":13,"value":1,"cd_time":72000,"exp":300},
{"id":408,"name":"龙3","icon":"sci_408_png","desc":"提升龙的实力","next_id":409,"condi":0,"need":[{"prop":107,"num":90000000},{"prop":118,"num":10000}],"ptype":4,"etype":14,"value":1,"cd_time":72000,"exp":300},
{"id":409,"name":"步兵4","icon":"sci_409_png","desc":"提升所有种族步兵实力","next_id":410,"condi":0,"need":[{"prop":108,"num":90000000},{"prop":118,"num":1000000}],"ptype":4,"etype":11,"value":1,"cd_time":72000,"exp":300},
{"id":410,"name":"弓箭手4","icon":"sci_410_png","desc":"提升所有种族弓箭手的实力","next_id":411,"condi":0,"need":[{"prop":106,"num":90000000},{"prop":118,"num":2000000}],"ptype":4,"etype":12,"value":1,"cd_time":72000,"exp":300},
{"id":411,"name":"骑士4","icon":"sci_411_png","desc":"提升所有种族骑士的实力","next_id":412,"condi":0,"need":[{"prop":107,"num":90000000},{"prop":118,"num":3000000}],"ptype":4,"etype":13,"value":1,"cd_time":72000,"exp":300},
{"id":412,"name":"龙4","icon":"sci_412_png","desc":"提升所有种族龙的实力","next_id":413,"condi":0,"need":[{"prop":108,"num":90000000},{"prop":118,"num":4000000}],"ptype":4,"etype":14,"value":1,"cd_time":72000,"exp":300},
{"id":413,"name":"步兵5","icon":"sci_413_png","desc":"提升所有种族步兵实力","next_id":414,"condi":0,"need":[{"prop":106,"num":90000000},{"prop":117,"num":1000000}],"ptype":4,"etype":11,"value":1,"cd_time":72000,"exp":300},
{"id":414,"name":"弓箭手5","icon":"sci_414_png","desc":"提升所有种族弓箭手的实力","next_id":415,"condi":0,"need":[{"prop":107,"num":90000000},{"prop":117,"num":2000000}],"ptype":4,"etype":12,"value":1,"cd_time":72000,"exp":300},
{"id":415,"name":"骑士5","icon":"sci_415_png","desc":"提升所有种族骑士的实力","next_id":416,"condi":0,"need":[{"prop":108,"num":90000000},{"prop":117,"num":3000000}],"ptype":4,"etype":13,"value":1,"cd_time":72000,"exp":300},
{"id":416,"name":"龙5","icon":"sci_416_png","desc":"提升所有种族龙的实力","next_id":417,"condi":0,"need":[{"prop":106,"num":90000000},{"prop":117,"num":4000000}],"ptype":4,"etype":14,"value":1,"cd_time":72000,"exp":300},
{"id":417,"name":"步兵6","icon":"sci_417_png","desc":"提升所有种族步兵实力","next_id":418,"condi":1,"need":[{"prop":117,"num":1000000},{"prop":120,"num":100000}],"ptype":4,"etype":11,"value":1,"cd_time":72000,"exp":300},
{"id":418,"name":"弓箭手6","icon":"sci_418_png","desc":"提升所有种族弓箭手的实力","next_id":419,"condi":0,"need":[{"prop":118,"num":1000000},{"prop":120,"num":100000}],"ptype":4,"etype":12,"value":1,"cd_time":72000,"exp":300},
{"id":419,"name":"骑士6","icon":"sci_419_png","desc":"提升所有种族骑士的实力","next_id":420,"condi":0,"need":[{"prop":117,"num":1000000},{"prop":120,"num":100000}],"ptype":4,"etype":13,"value":1,"cd_time":72000,"exp":300},
{"id":420,"name":"龙6","icon":"sci_420_png","desc":"提升所有种族龙的实力","next_id":421,"condi":0,"need":[{"prop":118,"num":1000000},{"prop":120,"num":100000}],"ptype":4,"etype":14,"value":1,"cd_time":72000,"exp":300},
{"id":421,"name":"步兵7","icon":"sci_421_png","desc":"提升所有种族步兵实力","next_id":422,"condi":0,"need":[{"prop":117,"num":1500000},{"prop":120,"num":200000}],"ptype":4,"etype":11,"value":1,"cd_time":72000,"exp":300},
{"id":422,"name":"弓箭手7","icon":"sci_422_png","desc":"提升所有种族弓箭手的实力","next_id":423,"condi":0,"need":[{"prop":118,"num":1500000},{"prop":120,"num":200000}],"ptype":4,"etype":12,"value":1,"cd_time":72000,"exp":300},
{"id":423,"name":"骑士7","icon":"sci_423_png","desc":"提升所有种族骑士的实力","next_id":424,"condi":0,"need":[{"prop":117,"num":1500000},{"prop":120,"num":200000}],"ptype":4,"etype":13,"value":1,"cd_time":72000,"exp":300},
{"id":424,"name":"龙7","icon":"sci_424_png","desc":"提升所有种族龙的实力","next_id":425,"condi":0,"need":[{"prop":118,"num":1500000},{"prop":120,"num":200000}],"ptype":4,"etype":14,"value":1,"cd_time":72000,"exp":300},
{"id":425,"name":"步兵8","icon":"sci_425_png","desc":"提升所有种族步兵实力","next_id":426,"condi":0,"need":[{"prop":117,"num":2000000},{"prop":120,"num":300000}],"ptype":4,"etype":11,"value":1,"cd_time":72000,"exp":300},
{"id":426,"name":"弓箭手8","icon":"sci_426_png","desc":"提升所有种族弓箭手的实力","next_id":427,"condi":0,"need":[{"prop":118,"num":2000000},{"prop":120,"num":300000}],"ptype":4,"etype":12,"value":1,"cd_time":72000,"exp":300},
{"id":427,"name":"骑士8","icon":"sci_427_png","desc":"提升所有种族骑士的实力","next_id":428,"condi":0,"need":[{"prop":117,"num":2000000},{"prop":120,"num":300000}],"ptype":4,"etype":13,"value":1,"cd_time":72000,"exp":300},
{"id":428,"name":"龙8","icon":"sci_428_png","desc":"提升所有种族龙的实力","next_id":429,"condi":0,"need":[{"prop":118,"num":2000000},{"prop":120,"num":300000}],"ptype":4,"etype":14,"value":1,"cd_time":72000,"exp":300},
{"id":429,"name":"步兵9","icon":"sci_429_png","desc":"提升所有种族步兵实力","next_id":430,"condi":0,"need":[{"prop":117,"num":2500000},{"prop":120,"num":350000}],"ptype":4,"etype":11,"value":1,"cd_time":72000,"exp":300},
{"id":430,"name":"弓箭手9","icon":"sci_430_png","desc":"提升所有种族弓箭手的实力","next_id":431,"condi":0,"need":[{"prop":118,"num":2500000},{"prop":120,"num":350000}],"ptype":4,"etype":12,"value":1,"cd_time":72000,"exp":300},
{"id":431,"name":"骑士9","icon":"sci_431_png","desc":"提升所有种族骑士的实力","next_id":432,"condi":0,"need":[{"prop":117,"num":2500000},{"prop":120,"num":350000}],"ptype":4,"etype":13,"value":1,"cd_time":72000,"exp":300},
{"id":432,"name":"龙9","icon":"sci_432_png","desc":"提升所有种族龙的实力","next_id":433,"condi":0,"need":[{"prop":118,"num":2500000},{"prop":120,"num":350000}],"ptype":4,"etype":14,"value":1,"cd_time":72000,"exp":300},
{"id":433,"name":"步兵10","icon":"sci_433_png","desc":"提升所有种族步兵实力","next_id":434,"condi":0,"need":[{"prop":117,"num":3000000},{"prop":120,"num":400000}],"ptype":4,"etype":11,"value":1,"cd_time":72000,"exp":300},
{"id":434,"name":"弓箭手10","icon":"sci_434_png","desc":"提升所有种族弓箭手的实力","next_id":435,"condi":0,"need":[{"prop":118,"num":3000000},{"prop":120,"num":400000}],"ptype":4,"etype":12,"value":1,"cd_time":72000,"exp":300},
{"id":435,"name":"骑士10","icon":"sci_435_png","desc":"提升所有种族骑士的实力","next_id":436,"condi":0,"need":[{"prop":117,"num":3000000},{"prop":120,"num":400000}],"ptype":4,"etype":13,"value":1,"cd_time":72000,"exp":300},
{"id":436,"name":"龙10","icon":"sci_436_png","desc":"提升所有种族龙的实力","next_id":0,"condi":0,"need":[{"prop":118,"num":3000000},{"prop":120,"num":400000}],"ptype":4,"etype":14,"value":1,"cd_time":72000,"exp":300},
{"id":501,"name":"采集术1","icon":"sci_501_png","desc":"提高点击产生的资源","next_id":502,"condi":0,"need":[{"prop":104,"num":5000},{"prop":105,"num":5000}],"ptype":5,"etype":20,"value":5,"cd_time":120,"exp":300},
{"id":502,"name":"采集术2","icon":"sci_502_png","desc":"提高点击产生的资源","next_id":503,"condi":0,"need":[{"prop":104,"num":10000},{"prop":105,"num":10000}],"ptype":5,"etype":20,"value":10,"cd_time":600,"exp":300},
{"id":503,"name":"采集术3","icon":"sci_503_png","desc":"提高点击产生的资源","next_id":504,"condi":0,"need":[{"prop":104,"num":50000},{"prop":105,"num":50000}],"ptype":5,"etype":20,"value":20,"cd_time":1200,"exp":300},
{"id":504,"name":"采集术4","icon":"sci_504_png","desc":"提高点击产生的资源","next_id":505,"condi":0,"need":[{"prop":104,"num":100000},{"prop":105,"num":100000}],"ptype":5,"etype":20,"value":20,"cd_time":2400,"exp":300},
{"id":505,"name":"采集术5","icon":"sci_505_png","desc":"提高点击产生的资源","next_id":506,"condi":0,"need":[{"prop":103,"num":200000},{"prop":106,"num":200000}],"ptype":5,"etype":20,"value":20,"cd_time":3600,"exp":300},
{"id":506,"name":"采集术6","icon":"sci_506_png","desc":"提高点击产生的资源","next_id":507,"condi":0,"need":[{"prop":103,"num":500000},{"prop":106,"num":500000}],"ptype":5,"etype":20,"value":20,"cd_time":7200,"exp":300},
{"id":507,"name":"采集术7","icon":"sci_507_png","desc":"提高点击产生的资源","next_id":508,"condi":0,"need":[{"prop":106,"num":800000},{"prop":107,"num":800000}],"ptype":5,"etype":20,"value":20,"cd_time":10800,"exp":300},
{"id":508,"name":"采集术8","icon":"sci_508_png","desc":"提高点击产生的资源","next_id":509,"condi":0,"need":[{"prop":106,"num":1000000},{"prop":107,"num":1000000}],"ptype":5,"etype":20,"value":30,"cd_time":14400,"exp":300},
{"id":509,"name":"采集术9","icon":"sci_509_png","desc":"提高点击产生的资源","next_id":510,"condi":0,"need":[{"prop":106,"num":2000000},{"prop":107,"num":2000000}],"ptype":5,"etype":20,"value":30,"cd_time":18000,"exp":300},
{"id":510,"name":"采集术10","icon":"sci_510_png","desc":"提高点击产生的资源","next_id":0,"condi":0,"need":[{"prop":106,"num":3000000},{"prop":107,"num":3000000}],"ptype":5,"etype":20,"value":20,"cd_time":21600,"exp":300}
]