[
{"id":99,"icon":"shop_99_png","name":"至尊卡","ptype":1,"recommend":"","desc":"每天额外领取120金币","factory":"","need":{"prop":10,"num":80},"gain":{"prop":101,"num":800},"redbag":{"gold":10,"num":10}},
{"id":100,"icon":"shop_100_png","name":"月卡","ptype":1,"recommend":"","desc":"有效期内总计可得3000金币","factory":"","need":{"prop":10,"num":25},"gain":{"prop":101,"num":250},"redbag":{"gold":5,"num":5}},
{"id":101,"icon":"shop_101_png","name":"20金币","ptype":1,"recommend":"首次充值双倍","desc":"","factory":"","need":{"prop":10,"num":2},"gain":{"prop":101,"num":20},"redbag":{"gold":2,"num":1}},
{"id":102,"icon":"shop_102_png","name":"110金币","ptype":1,"recommend":"首次充值双倍","desc":"100送10","factory":"","need":{"prop":10,"num":10},"gain":{"prop":101,"num":110},"redbag":{"gold":5,"num":2}},
{"id":103,"icon":"shop_103_png","name":"350金币","ptype":1,"recommend":"首次充值双倍","desc":"300送50","factory":"","need":{"prop":10,"num":30},"gain":{"prop":101,"num":350},"redbag":{"gold":5,"num":6}},
{"id":104,"icon":"shop_104_png","name":"1200金币","ptype":1,"recommend":"首次充值双倍","desc":"1000送200","factory":"","need":{"prop":10,"num":100},"gain":{"prop":101,"num":1200},"redbag":{"gold":15,"num":10}},
{"id":105,"icon":"shop_105_png","name":"7000金币","ptype":1,"recommend":"首次充值双倍","desc":"5000送2000","factory":"","need":{"prop":10,"num":500},"gain":{"prop":101,"num":7000},"redbag":{"gold":50,"num":15}},
{"id":106,"icon":"shop_105_png","name":"28000金币","ptype":1,"recommend":"首次充值双倍","desc":"20000送8000","factory":"","need":{"prop":10,"num":2000},"gain":{"prop":101,"num":28000},"redbag":{"gold":99,"num":18}},
{"id":201,"icon":"shop_201_png","name":"","ptype":2,"recommend":"","desc":"农场数量x400的食物","factory":101,"need":{"prop":101,"num":20},"gain":{"prop":103,"num":400},"redbag":{}},
{"id":202,"icon":"shop_202_png","name":"","ptype":2,"recommend":"","desc":"伐木场数量x400的木头","factory":102,"need":{"prop":101,"num":20},"gain":{"prop":104,"num":400},"redbag":{}},
{"id":203,"icon":"shop_203_png","name":"","ptype":2,"recommend":"","desc":"石料厂数量x400的石头","factory":103,"need":{"prop":101,"num":20},"gain":{"prop":105,"num":400},"redbag":{}},
{"id":204,"icon":"shop_204_png","name":"","ptype":2,"recommend":"","desc":"农场数量x1400的食物","factory":101,"need":{"prop":101,"num":60},"gain":{"prop":103,"num":1400},"redbag":{}},
{"id":205,"icon":"shop_205_png","name":"","ptype":2,"recommend":"","desc":"伐木场数量x1400的木头","factory":102,"need":{"prop":101,"num":60},"gain":{"prop":104,"num":1400},"redbag":{}},
{"id":206,"icon":"shop_206_png","name":"","ptype":2,"recommend":"","desc":"石料厂数量x1400的石头","factory":103,"need":{"prop":101,"num":60},"gain":{"prop":105,"num":1400},"redbag":{}},
{"id":207,"icon":"shop_207_png","name":"","ptype":2,"recommend":"最超值","desc":"农场数量x3000的食物","factory":101,"need":{"prop":101,"num":120},"gain":{"prop":103,"num":3000},"redbag":{}},
{"id":208,"icon":"shop_208_png","name":"","ptype":2,"recommend":"最超值","desc":"伐木场数量x3000的木头","factory":102,"need":{"prop":101,"num":120},"gain":{"prop":104,"num":3000},"redbag":{}},
{"id":209,"icon":"shop_209_png","name":"","ptype":2,"recommend":"最超值","desc":"石料厂数量x3000的石头","factory":103,"need":{"prop":101,"num":120},"gain":{"prop":105,"num":3000},"redbag":{}},
{"id":301,"icon":"shop_301_png","name":"","ptype":3,"recommend":"","desc":"铁匠铺数量x300的金属","factory":104,"need":{"prop":101,"num":50},"gain":{"prop":106,"num":300},"redbag":{}},
{"id":302,"icon":"shop_302_png","name":"","ptype":3,"recommend":"","desc":"皮革厂数量x300的皮革","factory":105,"need":{"prop":101,"num":50},"gain":{"prop":107,"num":300},"redbag":{}},
{"id":303,"icon":"shop_303_png","name":"","ptype":3,"recommend":"","desc":"马厩数量x300的马匹","factory":106,"need":{"prop":101,"num":50},"gain":{"prop":108,"num":300},"redbag":{}},
{"id":304,"icon":"shop_304_png","name":"","ptype":3,"recommend":"","desc":"龙晶矿数量x30的龙晶","factory":107,"need":{"prop":101,"num":50},"gain":{"prop":109,"num":30},"redbag":{}},
{"id":305,"icon":"shop_305_png","name":"","ptype":3,"recommend":"","desc":"铁匠铺数量x600的金属","factory":104,"need":{"prop":101,"num":90},"gain":{"prop":106,"num":600},"redbag":{}},
{"id":306,"icon":"shop_306_png","name":"","ptype":3,"recommend":"","desc":"皮革厂数量x600的皮革","factory":105,"need":{"prop":101,"num":90},"gain":{"prop":107,"num":600},"redbag":{}},
{"id":307,"icon":"shop_307_png","name":"","ptype":3,"recommend":"","desc":"马厩数量x600的马匹","factory":106,"need":{"prop":101,"num":90},"gain":{"prop":108,"num":600},"redbag":{}},
{"id":308,"icon":"shop_308_png","name":"","ptype":3,"recommend":"","desc":"龙晶矿数量x60的龙晶","factory":107,"need":{"prop":101,"num":90},"gain":{"prop":109,"num":60},"redbag":{}},
{"id":309,"icon":"shop_309_png","name":"","ptype":3,"recommend":"最超值","desc":"铁匠铺数量x1000的金属","factory":104,"need":{"prop":101,"num":120},"gain":{"prop":106,"num":1000},"redbag":{}},
{"id":310,"icon":"shop_310_png","name":"","ptype":3,"recommend":"最超值","desc":"皮革厂数量x1000的皮革","factory":105,"need":{"prop":101,"num":120},"gain":{"prop":107,"num":1000},"redbag":{}},
{"id":311,"icon":"shop_311_png","name":"","ptype":3,"recommend":"最超值","desc":"马厩数量x1000的马匹","factory":106,"need":{"prop":101,"num":120},"gain":{"prop":108,"num":1000},"redbag":{}},
{"id":312,"icon":"shop_312_png","name":"","ptype":3,"recommend":"最超值","desc":"龙晶矿数量x100的龙晶","factory":107,"need":{"prop":101,"num":120},"gain":{"prop":109,"num":100},"redbag":{}},
{"id":401,"icon":"shop_401_png","name":"8小时护盾","ptype":4,"recommend":"","desc":"8小时内免遭敌军攻击","factory":"","need":{"prop":101,"num":50},"gain":{"prop":900,"num":8},"redbag":{}},
{"id":402,"icon":"shop_402_png","name":"24小时护盾","ptype":4,"recommend":"","desc":"24小时内免遭敌军攻击","factory":"","need":{"prop":101,"num":100},"gain":{"prop":900,"num":24},"redbag":{}},
{"id":403,"icon":"shop_403_png","name":"24小时攻击加成","ptype":4,"recommend":"","desc":"24小时内增加部队50%攻击","factory":"","need":{"prop":101,"num":90},"gain":{"prop":901,"num":24},"redbag":{}},
{"id":404,"icon":"shop_404_png","name":"24小时生命加成","ptype":4,"recommend":"","desc":"24小时内增加部队50%生命","factory":"","need":{"prop":101,"num":90},"gain":{"prop":902,"num":24},"redbag":{}},
{"id":405,"icon":"shop_405_png","name":"10%出征上限加成","ptype":4,"recommend":"","desc":"1小时内增加参战部队10%上限","factory":"","need":{"prop":101200},"gain":{"prop":903,"num":1},"redbag":{}},
{"id":406,"icon":"shop_406_png","name":"20%出征上限加成","ptype":4,"recommend":"","desc":"1小时内增加参战部队20%上限","factory":"","need":{"prop":101400},"gain":{"prop":904,"num":1},"redbag":{}}
]