[
{"id":0,"time":1,"award":{"prop":11101,"num":2}},
{"id":0,"time":2,"award":{"prop":30003,"num":1}},
{"id":0,"time":3,"award":{"prop":11001,"num":2}},
{"id":1,"time":1,"award":{"prop":60000,"num":20}},
{"id":1,"time":2,"award":{"prop":10001,"num":1}},
{"id":1,"time":3,"award":{"prop":11001,"num":2}},
{"id":2,"time":1,"award":{"prop":60201,"num":20}},
{"id":2,"time":2,"award":{"prop":10101,"num":1}},
{"id":2,"time":3,"award":{"prop":11001,"num":2}},
{"id":3,"time":1,"award":{"prop":60401,"num":20}},
{"id":3,"time":2,"award":{"prop":10201,"num":1}},
{"id":3,"time":3,"award":{"prop":11001,"num":2}},
{"id":4,"time":1,"award":{"prop":60006,"num":10}},
{"id":4,"time":2,"award":{"prop":10301,"num":1}},
{"id":4,"time":3,"award":{"prop":11001,"num":2}},
{"id":5,"time":1,"award":{"prop":60207,"num":10}},
{"id":5,"time":2,"award":{"prop":10401,"num":1}},
{"id":5,"time":3,"award":{"prop":11001,"num":2}},
{"id":6,"time":1,"award":{"prop":60407,"num":10}},
{"id":6,"time":2,"award":{"prop":10501,"num":1}},
{"id":6,"time":3,"award":{"prop":11001,"num":2}}
]