[
{"id":111,"lvl":1,"nation":0,"icon":"army_1011_png","name":"步兵Ⅰ","desc":"步兵：最常见的主力兵种，常常活跃于战斗前线，容易遭受伤害，常常被人称为炮灰","need":[{"prop":103,"num":100},{"prop":106,"num":10}],"die_rate":35,"power":10,"hp":10,"critical":0,"dodge":0,"cd_time":0.3,"exp":0},
{"id":111,"lvl":2,"nation":0,"icon":"army_1012_png","name":"步兵Ⅱ","desc":"步兵：最常见的主力兵种，常常活跃于战斗前线，容易遭受伤害，常常被人称为炮灰","need":[{"prop":103,"num":100},{"prop":106,"num":10}],"die_rate":35,"power":11,"hp":11,"critical":0,"dodge":0,"cd_time":0.3,"exp":0},
{"id":111,"lvl":3,"nation":0,"icon":"army_1013_png","name":"步兵Ⅲ","desc":"步兵：最常见的主力兵种，常常活跃于战斗前线，容易遭受伤害，常常被人称为炮灰","need":[{"prop":103,"num":100},{"prop":106,"num":10}],"die_rate":35,"power":12,"hp":12,"critical":0,"dodge":0,"cd_time":0.3,"exp":0},
{"id":111,"lvl":4,"nation":0,"icon":"army_1014_png","name":"步兵Ⅳ","desc":"步兵：最常见的主力兵种，常常活跃于战斗前线，容易遭受伤害，常常被人称为炮灰","need":[{"prop":103,"num":100},{"prop":106,"num":10}],"die_rate":35,"power":13,"hp":13,"critical":0,"dodge":0,"cd_time":0.3,"exp":0},
{"id":111,"lvl":5,"nation":0,"icon":"army_1015_png","name":"步兵Ⅴ","desc":"步兵：最常见的主力兵种，常常活跃于战斗前线，容易遭受伤害，常常被人称为炮灰","need":[{"prop":103,"num":100},{"prop":106,"num":10}],"die_rate":35,"power":14,"hp":14,"critical":0,"dodge":0,"cd_time":0.3,"exp":0},
{"id":111,"lvl":6,"nation":0,"icon":"army_1015_png","name":"步兵Ⅵ","desc":"步兵：最常见的主力兵种，常常活跃于战斗前线，容易遭受伤害，常常被人称为炮灰","need":[{"prop":103,"num":100},{"prop":106,"num":10}],"die_rate":35,"power":16,"hp":16,"critical":0,"dodge":0,"cd_time":0.3,"exp":0},
{"id":111,"lvl":7,"nation":0,"icon":"army_1015_png","name":"步兵Ⅶ","desc":"步兵：最常见的主力兵种，常常活跃于战斗前线，容易遭受伤害，常常被人称为炮灰","need":[{"prop":103,"num":100},{"prop":106,"num":10}],"die_rate":35,"power":18,"hp":18,"critical":0,"dodge":0,"cd_time":0.3,"exp":0},
{"id":111,"lvl":8,"nation":0,"icon":"army_1015_png","name":"步兵Ⅷ","desc":"步兵：最常见的主力兵种，常常活跃于战斗前线，容易遭受伤害，常常被人称为炮灰","need":[{"prop":103,"num":100},{"prop":106,"num":10}],"die_rate":35,"power":20,"hp":20,"critical":0,"dodge":0,"cd_time":0.3,"exp":0},
{"id":111,"lvl":9,"nation":0,"icon":"army_1015_png","name":"步兵Ⅸ","desc":"步兵：最常见的主力兵种，常常活跃于战斗前线，容易遭受伤害，常常被人称为炮灰","need":[{"prop":103,"num":100},{"prop":106,"num":10}],"die_rate":35,"power":22,"hp":22,"critical":0,"dodge":0,"cd_time":0.3,"exp":0},
{"id":111,"lvl":10,"nation":0,"icon":"army_1015_png","name":"步兵Ⅹ","desc":"步兵：最常见的主力兵种，常常活跃于战斗前线，容易遭受伤害，常常被人称为炮灰","need":[{"prop":103,"num":100},{"prop":106,"num":10}],"die_rate":35,"power":24,"hp":24,"critical":0,"dodge":0,"cd_time":0.3,"exp":0},
{"id":111,"lvl":11,"nation":0,"icon":"army_1015_png","name":"步兵Ⅴ","desc":"步兵：最常见的主力兵种，常常活跃于战斗前线，容易遭受伤害，常常被人称为炮灰","need":[{"prop":103,"num":100},{"prop":106,"num":10}],"die_rate":35,"power":20,"hp":20,"critical":0,"dodge":0,"cd_time":0.3,"exp":0},
{"id":111,"lvl":12,"nation":0,"icon":"army_1015_png","name":"步兵Ⅴ","desc":"步兵：最常见的主力兵种，常常活跃于战斗前线，容易遭受伤害，常常被人称为炮灰","need":[{"prop":103,"num":100},{"prop":106,"num":10}],"die_rate":35,"power":21,"hp":21,"critical":0,"dodge":0,"cd_time":0.3,"exp":0},
{"id":111,"lvl":20,"nation":0,"icon":"army_1015_png","name":"步兵Ⅴ","desc":"步兵：最常见的主力兵种，常常活跃于战斗前线，容易遭受伤害，常常被人称为炮灰","need":[{"prop":103,"num":100},{"prop":106,"num":10}],"die_rate":35,"power":29,"hp":29,"critical":0,"dodge":0,"cd_time":0.3,"exp":0},
{"id":111,"lvl":28,"nation":0,"icon":"army_1015_png","name":"步兵Ⅴ","desc":"步兵：最常见的主力兵种，常常活跃于战斗前线，容易遭受伤害，常常被人称为炮灰","need":[{"prop":103,"num":100},{"prop":106,"num":10}],"die_rate":35,"power":37,"hp":37,"critical":0,"dodge":0,"cd_time":0.3,"exp":0},
{"id":111,"lvl":40,"nation":0,"icon":"army_1015_png","name":"步兵Ⅴ","desc":"步兵：最常见的主力兵种，常常活跃于战斗前线，容易遭受伤害，常常被人称为炮灰","need":[{"prop":103,"num":100},{"prop":106,"num":10}],"die_rate":35,"power":49,"hp":49,"critical":0,"dodge":0,"cd_time":0.3,"exp":0},
{"id":111,"lvl":1,"nation":1,"icon":"army_10111_png","name":"兽族步兵Ⅰ","desc":"步兵：最常见的主力兵种，常常活跃于战斗前线，容易遭受伤害，常常被人称为炮灰","need":[{"prop":103,"num":100},{"prop":106,"num":10}],"die_rate":35,"power":10,"hp":10,"critical":11.1,"dodge":0,"cd_time":0.3,"exp":0},
{"id":111,"lvl":2,"nation":1,"icon":"army_10111_png","name":"兽族步兵Ⅱ","desc":"步兵：最常见的主力兵种，常常活跃于战斗前线，容易遭受伤害，常常被人称为炮灰","need":[{"prop":103,"num":100},{"prop":106,"num":10}],"die_rate":35,"power":11,"hp":11,"critical":11.1,"dodge":0,"cd_time":0.3,"exp":0},
{"id":111,"lvl":3,"nation":1,"icon":"army_10111_png","name":"兽族步兵Ⅲ","desc":"步兵：最常见的主力兵种，常常活跃于战斗前线，容易遭受伤害，常常被人称为炮灰","need":[{"prop":103,"num":100},{"prop":106,"num":10}],"die_rate":35,"power":12,"hp":15,"critical":11.1,"dodge":0,"cd_time":0.3,"exp":0},
{"id":111,"lvl":4,"nation":1,"icon":"army_10111_png","name":"兽族步兵Ⅳ","desc":"步兵：最常见的主力兵种，常常活跃于战斗前线，容易遭受伤害，常常被人称为炮灰","need":[{"prop":103,"num":100},{"prop":106,"num":10}],"die_rate":35,"power":13,"hp":16,"critical":11.1,"dodge":0,"cd_time":0.3,"exp":0},
{"id":111,"lvl":5,"nation":1,"icon":"army_10111_png","name":"兽族步兵Ⅴ","desc":"步兵：最常见的主力兵种，常常活跃于战斗前线，容易遭受伤害，常常被人称为炮灰","need":[{"prop":103,"num":100},{"prop":106,"num":10}],"die_rate":35,"power":14,"hp":17,"critical":11.1,"dodge":0,"cd_time":0.3,"exp":0},
{"id":111,"lvl":6,"nation":1,"icon":"army_10111_png","name":"兽族步兵Ⅵ","desc":"步兵：最常见的主力兵种，常常活跃于战斗前线，容易遭受伤害，常常被人称为炮灰","need":[{"prop":103,"num":100},{"prop":106,"num":10}],"die_rate":35,"power":16,"hp":19,"critical":11.1,"dodge":0,"cd_time":0.3,"exp":0},
{"id":111,"lvl":7,"nation":1,"icon":"army_10111_png","name":"兽族步兵Ⅶ","desc":"步兵：最常见的主力兵种，常常活跃于战斗前线，容易遭受伤害，常常被人称为炮灰","need":[{"prop":103,"num":100},{"prop":106,"num":10}],"die_rate":35,"power":18,"hp":21,"critical":11.1,"dodge":0,"cd_time":0.3,"exp":0},
{"id":111,"lvl":8,"nation":1,"icon":"army_10111_png","name":"兽族步兵Ⅷ","desc":"步兵：最常见的主力兵种，常常活跃于战斗前线，容易遭受伤害，常常被人称为炮灰","need":[{"prop":103,"num":100},{"prop":106,"num":10}],"die_rate":35,"power":20,"hp":23,"critical":11.1,"dodge":0,"cd_time":0.3,"exp":0},
{"id":111,"lvl":9,"nation":1,"icon":"army_10111_png","name":"兽族步兵Ⅸ","desc":"步兵：最常见的主力兵种，常常活跃于战斗前线，容易遭受伤害，常常被人称为炮灰","need":[{"prop":103,"num":100},{"prop":106,"num":10}],"die_rate":35,"power":22,"hp":25,"critical":11.1,"dodge":0,"cd_time":0.3,"exp":0},
{"id":111,"lvl":10,"nation":1,"icon":"army_10111_png","name":"兽族步兵Ⅹ","desc":"步兵：最常见的主力兵种，常常活跃于战斗前线，容易遭受伤害，常常被人称为炮灰","need":[{"prop":103,"num":100},{"prop":106,"num":10}],"die_rate":35,"power":24,"hp":27,"critical":11.1,"dodge":0,"cd_time":0.3,"exp":0},
{"id":111,"lvl":1,"nation":2,"icon":"army_10111_png","name":"人族步兵Ⅰ","desc":"步兵：最常见的主力兵种，常常活跃于战斗前线，容易遭受伤害，常常被人称为炮灰","need":[{"prop":103,"num":100},{"prop":106,"num":10}],"die_rate":35,"power":10,"hp":10,"critical":1.5,"dodge":1.5,"cd_time":0.3,"exp":0},
{"id":111,"lvl":2,"nation":2,"icon":"army_10111_png","name":"人族步兵Ⅱ","desc":"步兵：最常见的主力兵种，常常活跃于战斗前线，容易遭受伤害，常常被人称为炮灰","need":[{"prop":103,"num":100},{"prop":106,"num":10}],"die_rate":35,"power":11,"hp":11,"critical":1.5,"dodge":1.5,"cd_time":0.3,"exp":0},
{"id":111,"lvl":3,"nation":2,"icon":"army_10112_png","name":"人族步兵Ⅲ","desc":"步兵：最常见的主力兵种，常常活跃于战斗前线，容易遭受伤害，常常被人称为炮灰","need":[{"prop":103,"num":100},{"prop":106,"num":10}],"die_rate":35,"power":14,"hp":14,"critical":1.5,"dodge":1.5,"cd_time":0.3,"exp":0},
{"id":111,"lvl":4,"nation":2,"icon":"army_10112_png","name":"人族步兵Ⅳ","desc":"步兵：最常见的主力兵种，常常活跃于战斗前线，容易遭受伤害，常常被人称为炮灰","need":[{"prop":103,"num":100},{"prop":106,"num":10}],"die_rate":35,"power":15,"hp":15,"critical":1.5,"dodge":1.5,"cd_time":0.3,"exp":0},
{"id":111,"lvl":5,"nation":2,"icon":"army_10112_png","name":"人族步兵Ⅴ","desc":"步兵：最常见的主力兵种，常常活跃于战斗前线，容易遭受伤害，常常被人称为炮灰","need":[{"prop":103,"num":100},{"prop":106,"num":10}],"die_rate":35,"power":16,"hp":16,"critical":1.5,"dodge":1.5,"cd_time":0.3,"exp":0},
{"id":111,"lvl":6,"nation":2,"icon":"army_10112_png","name":"人族步兵Ⅵ","desc":"步兵：最常见的主力兵种，常常活跃于战斗前线，容易遭受伤害，常常被人称为炮灰","need":[{"prop":103,"num":100},{"prop":106,"num":10}],"die_rate":35,"power":18,"hp":18,"critical":1.5,"dodge":1.5,"cd_time":0.3,"exp":0},
{"id":111,"lvl":7,"nation":2,"icon":"army_10112_png","name":"人族步兵Ⅶ","desc":"步兵：最常见的主力兵种，常常活跃于战斗前线，容易遭受伤害，常常被人称为炮灰","need":[{"prop":103,"num":100},{"prop":106,"num":10}],"die_rate":35,"power":20,"hp":20,"critical":1.5,"dodge":1.5,"cd_time":0.3,"exp":0},
{"id":111,"lvl":8,"nation":2,"icon":"army_10112_png","name":"人族步兵Ⅷ","desc":"步兵：最常见的主力兵种，常常活跃于战斗前线，容易遭受伤害，常常被人称为炮灰","need":[{"prop":103,"num":100},{"prop":106,"num":10}],"die_rate":35,"power":22,"hp":22,"critical":1.5,"dodge":1.5,"cd_time":0.3,"exp":0},
{"id":111,"lvl":9,"nation":2,"icon":"army_10112_png","name":"人族步兵Ⅸ","desc":"步兵：最常见的主力兵种，常常活跃于战斗前线，容易遭受伤害，常常被人称为炮灰","need":[{"prop":103,"num":100},{"prop":106,"num":10}],"die_rate":35,"power":24,"hp":24,"critical":1.5,"dodge":1.5,"cd_time":0.3,"exp":0},
{"id":111,"lvl":10,"nation":2,"icon":"army_10112_png","name":"人族步兵Ⅹ","desc":"步兵：最常见的主力兵种，常常活跃于战斗前线，容易遭受伤害，常常被人称为炮灰","need":[{"prop":103,"num":100},{"prop":106,"num":10}],"die_rate":35,"power":26,"hp":26,"critical":1.5,"dodge":1.5,"cd_time":0.3,"exp":0},
{"id":111,"lvl":1,"nation":3,"icon":"army_10113_png","name":"骷髅兵Ⅰ","desc":"步兵：最常见的主力兵种，常常活跃于战斗前线，容易遭受伤害，常常被人称为炮灰","need":[{"prop":103,"num":100},{"prop":106,"num":10}],"die_rate":35,"power":10,"hp":10,"critical":0,"dodge":10,"cd_time":0.3,"exp":0},
{"id":111,"lvl":2,"nation":3,"icon":"army_10113_png","name":"骷髅兵Ⅱ","desc":"步兵：最常见的主力兵种，常常活跃于战斗前线，容易遭受伤害，常常被人称为炮灰","need":[{"prop":103,"num":100},{"prop":106,"num":10}],"die_rate":35,"power":11,"hp":11,"critical":0,"dodge":10,"cd_time":0.3,"exp":0},
{"id":111,"lvl":3,"nation":3,"icon":"army_10113_png","name":"骷髅兵Ⅲ","desc":"步兵：最常见的主力兵种，常常活跃于战斗前线，容易遭受伤害，常常被人称为炮灰","need":[{"prop":103,"num":100},{"prop":106,"num":10}],"die_rate":35,"power":15,"hp":12,"critical":0,"dodge":10,"cd_time":0.3,"exp":0},
{"id":111,"lvl":4,"nation":3,"icon":"army_10113_png","name":"骷髅兵Ⅳ","desc":"步兵：最常见的主力兵种，常常活跃于战斗前线，容易遭受伤害，常常被人称为炮灰","need":[{"prop":103,"num":100},{"prop":106,"num":10}],"die_rate":35,"power":16,"hp":13,"critical":0,"dodge":10,"cd_time":0.3,"exp":0},
{"id":111,"lvl":5,"nation":3,"icon":"army_10113_png","name":"骷髅兵Ⅴ","desc":"步兵：最常见的主力兵种，常常活跃于战斗前线，容易遭受伤害，常常被人称为炮灰","need":[{"prop":103,"num":100},{"prop":106,"num":10}],"die_rate":35,"power":17,"hp":14,"critical":0,"dodge":10,"cd_time":0.3,"exp":0},
{"id":111,"lvl":6,"nation":3,"icon":"army_10113_png","name":"骷髅兵Ⅵ","desc":"步兵：最常见的主力兵种，常常活跃于战斗前线，容易遭受伤害，常常被人称为炮灰","need":[{"prop":103,"num":100},{"prop":106,"num":10}],"die_rate":35,"power":19,"hp":16,"critical":0,"dodge":10,"cd_time":0.3,"exp":0},
{"id":111,"lvl":7,"nation":3,"icon":"army_10113_png","name":"骷髅兵Ⅶ","desc":"步兵：最常见的主力兵种，常常活跃于战斗前线，容易遭受伤害，常常被人称为炮灰","need":[{"prop":103,"num":100},{"prop":106,"num":10}],"die_rate":35,"power":21,"hp":18,"critical":0,"dodge":10,"cd_time":0.3,"exp":0},
{"id":111,"lvl":8,"nation":3,"icon":"army_10113_png","name":"骷髅兵Ⅷ","desc":"步兵：最常见的主力兵种，常常活跃于战斗前线，容易遭受伤害，常常被人称为炮灰","need":[{"prop":103,"num":100},{"prop":106,"num":10}],"die_rate":35,"power":23,"hp":20,"critical":0,"dodge":10,"cd_time":0.3,"exp":0},
{"id":111,"lvl":9,"nation":3,"icon":"army_10113_png","name":"骷髅兵Ⅸ","desc":"步兵：最常见的主力兵种，常常活跃于战斗前线，容易遭受伤害，常常被人称为炮灰","need":[{"prop":103,"num":100},{"prop":106,"num":10}],"die_rate":35,"power":25,"hp":22,"critical":0,"dodge":10,"cd_time":0.3,"exp":0},
{"id":111,"lvl":10,"nation":3,"icon":"army_10113_png","name":"骷髅兵Ⅹ","desc":"步兵：最常见的主力兵种，常常活跃于战斗前线，容易遭受伤害，常常被人称为炮灰","need":[{"prop":103,"num":100},{"prop":106,"num":10}],"die_rate":35,"power":27,"hp":24,"critical":0,"dodge":10,"cd_time":0.3,"exp":0},
{"id":112,"lvl":1,"nation":0,"icon":"army_2011_png","name":"弓箭手Ⅰ","desc":"弓箭手：游走在部队的边缘，灵活敏捷擅长远程射击，好像不那么容易死","need":[{"prop":103,"num":300},{"prop":107,"num":30}],"die_rate":25,"power":30,"hp":30,"critical":0,"dodge":0,"cd_time":0.4,"exp":0},
{"id":112,"lvl":2,"nation":0,"icon":"army_2012_png","name":"弓箭手Ⅱ","desc":"弓箭手：游走在部队的边缘，灵活敏捷擅长远程射击，好像不那么容易死","need":[{"prop":103,"num":300},{"prop":107,"num":30}],"die_rate":25,"power":33,"hp":33,"critical":0,"dodge":0,"cd_time":0.4,"exp":0},
{"id":112,"lvl":3,"nation":0,"icon":"army_2013_png","name":"弓箭手Ⅲ","desc":"弓箭手：游走在部队的边缘，灵活敏捷擅长远程射击，好像不那么容易死","need":[{"prop":103,"num":300},{"prop":107,"num":30}],"die_rate":25,"power":36,"hp":36,"critical":0,"dodge":0,"cd_time":0.4,"exp":0},
{"id":112,"lvl":4,"nation":0,"icon":"army_2014_png","name":"弓箭手Ⅳ","desc":"弓箭手：游走在部队的边缘，灵活敏捷擅长远程射击，好像不那么容易死","need":[{"prop":103,"num":300},{"prop":107,"num":30}],"die_rate":25,"power":39,"hp":39,"critical":0,"dodge":0,"cd_time":0.4,"exp":0},
{"id":112,"lvl":5,"nation":0,"icon":"army_2015_png","name":"弓箭手Ⅴ","desc":"弓箭手：游走在部队的边缘，灵活敏捷擅长远程射击，好像不那么容易死","need":[{"prop":103,"num":300},{"prop":107,"num":30}],"die_rate":25,"power":42,"hp":42,"critical":0,"dodge":0,"cd_time":0.4,"exp":0},
{"id":112,"lvl":6,"nation":0,"icon":"army_2015_png","name":"弓箭手Ⅵ","desc":"弓箭手：游走在部队的边缘，灵活敏捷擅长远程射击，好像不那么容易死","need":[{"prop":103,"num":300},{"prop":107,"num":30}],"die_rate":25,"power":48,"hp":48,"critical":0,"dodge":0,"cd_time":0.4,"exp":0},
{"id":112,"lvl":7,"nation":0,"icon":"army_2015_png","name":"弓箭手Ⅶ","desc":"弓箭手：游走在部队的边缘，灵活敏捷擅长远程射击，好像不那么容易死","need":[{"prop":103,"num":300},{"prop":107,"num":30}],"die_rate":25,"power":54,"hp":54,"critical":0,"dodge":0,"cd_time":0.4,"exp":0},
{"id":112,"lvl":8,"nation":0,"icon":"army_2015_png","name":"弓箭手Ⅷ","desc":"弓箭手：游走在部队的边缘，灵活敏捷擅长远程射击，好像不那么容易死","need":[{"prop":103,"num":300},{"prop":107,"num":30}],"die_rate":25,"power":60,"hp":60,"critical":0,"dodge":0,"cd_time":0.4,"exp":0},
{"id":112,"lvl":9,"nation":0,"icon":"army_2015_png","name":"弓箭手Ⅸ","desc":"弓箭手：游走在部队的边缘，灵活敏捷擅长远程射击，好像不那么容易死","need":[{"prop":103,"num":300},{"prop":107,"num":30}],"die_rate":25,"power":66,"hp":66,"critical":0,"dodge":0,"cd_time":0.4,"exp":0},
{"id":112,"lvl":10,"nation":0,"icon":"army_2015_png","name":"弓箭手Ⅹ","desc":"弓箭手：游走在部队的边缘，灵活敏捷擅长远程射击，好像不那么容易死","need":[{"prop":103,"num":300},{"prop":107,"num":30}],"die_rate":25,"power":72,"hp":72,"critical":0,"dodge":0,"cd_time":0.4,"exp":0},
{"id":112,"lvl":11,"nation":0,"icon":"army_2015_png","name":"弓箭手Ⅴ","desc":"弓箭手：游走在部队的边缘，灵活敏捷擅长远程射击，好像不那么容易死","need":[{"prop":103,"num":300},{"prop":107,"num":30}],"die_rate":25,"power":60,"hp":60,"critical":0,"dodge":0,"cd_time":0.4,"exp":0},
{"id":112,"lvl":12,"nation":0,"icon":"army_2015_png","name":"弓箭手Ⅴ","desc":"弓箭手：游走在部队的边缘，灵活敏捷擅长远程射击，好像不那么容易死","need":[{"prop":103,"num":300},{"prop":107,"num":30}],"die_rate":25,"power":63,"hp":63,"critical":0,"dodge":0,"cd_time":0.4,"exp":0},
{"id":112,"lvl":20,"nation":0,"icon":"army_2015_png","name":"弓箭手Ⅴ","desc":"弓箭手：游走在部队的边缘，灵活敏捷擅长远程射击，好像不那么容易死","need":[{"prop":103,"num":300},{"prop":107,"num":30}],"die_rate":25,"power":87,"hp":87,"critical":0,"dodge":0,"cd_time":0.4,"exp":0},
{"id":112,"lvl":28,"nation":0,"icon":"army_2015_png","name":"弓箭手Ⅴ","desc":"弓箭手：游走在部队的边缘，灵活敏捷擅长远程射击，好像不那么容易死","need":[{"prop":103,"num":300},{"prop":107,"num":30}],"die_rate":25,"power":111,"hp":111,"critical":0,"dodge":0,"cd_time":0.4,"exp":0},
{"id":112,"lvl":40,"nation":0,"icon":"army_2015_png","name":"弓箭手Ⅴ","desc":"弓箭手：游走在部队的边缘，灵活敏捷擅长远程射击，好像不那么容易死","need":[{"prop":103,"num":300},{"prop":107,"num":30}],"die_rate":25,"power":147,"hp":147,"critical":0,"dodge":0,"cd_time":0.4,"exp":0},
{"id":112,"lvl":1,"nation":1,"icon":"army_20111_png","name":"巨魔投手Ⅰ","desc":"弓箭手：游走在部队的边缘，灵活敏捷擅长远程射击，好像不那么容易死","need":[{"prop":103,"num":300},{"prop":107,"num":30}],"die_rate":25,"power":30,"hp":30,"critical":11.1,"dodge":0,"cd_time":0.4,"exp":0},
{"id":112,"lvl":2,"nation":1,"icon":"army_20111_png","name":"巨魔投手Ⅱ","desc":"弓箭手：游走在部队的边缘，灵活敏捷擅长远程射击，好像不那么容易死","need":[{"prop":103,"num":300},{"prop":107,"num":30}],"die_rate":25,"power":33,"hp":33,"critical":11.1,"dodge":0,"cd_time":0.4,"exp":0},
{"id":112,"lvl":3,"nation":1,"icon":"army_20111_png","name":"巨魔投手Ⅲ","desc":"弓箭手：游走在部队的边缘，灵活敏捷擅长远程射击，好像不那么容易死","need":[{"prop":103,"num":300},{"prop":107,"num":30}],"die_rate":25,"power":36,"hp":45,"critical":11.1,"dodge":0,"cd_time":0.4,"exp":0},
{"id":112,"lvl":4,"nation":1,"icon":"army_20111_png","name":"巨魔投手Ⅳ","desc":"弓箭手：游走在部队的边缘，灵活敏捷擅长远程射击，好像不那么容易死","need":[{"prop":103,"num":300},{"prop":107,"num":30}],"die_rate":25,"power":39,"hp":49,"critical":11.1,"dodge":0,"cd_time":0.4,"exp":0},
{"id":112,"lvl":5,"nation":1,"icon":"army_20111_png","name":"巨魔投手Ⅴ","desc":"弓箭手：游走在部队的边缘，灵活敏捷擅长远程射击，好像不那么容易死","need":[{"prop":103,"num":300},{"prop":107,"num":30}],"die_rate":25,"power":42,"hp":53,"critical":11.1,"dodge":0,"cd_time":0.4,"exp":0},
{"id":112,"lvl":6,"nation":1,"icon":"army_20111_png","name":"巨魔投手Ⅵ","desc":"弓箭手：游走在部队的边缘，灵活敏捷擅长远程射击，好像不那么容易死","need":[{"prop":103,"num":300},{"prop":107,"num":30}],"die_rate":25,"power":48,"hp":61,"critical":11.1,"dodge":0,"cd_time":0.4,"exp":0},
{"id":112,"lvl":7,"nation":1,"icon":"army_20111_png","name":"巨魔投手Ⅶ","desc":"弓箭手：游走在部队的边缘，灵活敏捷擅长远程射击，好像不那么容易死","need":[{"prop":103,"num":300},{"prop":107,"num":30}],"die_rate":25,"power":54,"hp":69,"critical":11.1,"dodge":0,"cd_time":0.4,"exp":0},
{"id":112,"lvl":8,"nation":1,"icon":"army_20111_png","name":"巨魔投手Ⅷ","desc":"弓箭手：游走在部队的边缘，灵活敏捷擅长远程射击，好像不那么容易死","need":[{"prop":103,"num":300},{"prop":107,"num":30}],"die_rate":25,"power":60,"hp":77,"critical":11.1,"dodge":0,"cd_time":0.4,"exp":0},
{"id":112,"lvl":9,"nation":1,"icon":"army_20111_png","name":"巨魔投手Ⅸ","desc":"弓箭手：游走在部队的边缘，灵活敏捷擅长远程射击，好像不那么容易死","need":[{"prop":103,"num":300},{"prop":107,"num":30}],"die_rate":25,"power":66,"hp":85,"critical":11.1,"dodge":0,"cd_time":0.4,"exp":0},
{"id":112,"lvl":10,"nation":1,"icon":"army_20111_png","name":"巨魔投手Ⅹ","desc":"弓箭手：游走在部队的边缘，灵活敏捷擅长远程射击，好像不那么容易死","need":[{"prop":103,"num":300},{"prop":107,"num":30}],"die_rate":25,"power":72,"hp":93,"critical":11.1,"dodge":0,"cd_time":0.4,"exp":0},
{"id":112,"lvl":1,"nation":2,"icon":"army_20112_png","name":"火枪手Ⅰ","desc":"弓箭手：游走在部队的边缘，灵活敏捷擅长远程射击，好像不那么容易死","need":[{"prop":103,"num":300},{"prop":107,"num":30}],"die_rate":25,"power":30,"hp":30,"critical":1.5,"dodge":1.5,"cd_time":0.4,"exp":0},
{"id":112,"lvl":2,"nation":2,"icon":"army_20112_png","name":"火枪手Ⅱ","desc":"弓箭手：游走在部队的边缘，灵活敏捷擅长远程射击，好像不那么容易死","need":[{"prop":103,"num":300},{"prop":107,"num":30}],"die_rate":25,"power":33,"hp":33,"critical":1.5,"dodge":1.5,"cd_time":0.4,"exp":0},
{"id":112,"lvl":3,"nation":2,"icon":"army_20112_png","name":"火枪手Ⅲ","desc":"弓箭手：游走在部队的边缘，灵活敏捷擅长远程射击，好像不那么容易死","need":[{"prop":103,"num":300},{"prop":107,"num":30}],"die_rate":25,"power":42,"hp":42,"critical":1.5,"dodge":1.5,"cd_time":0.4,"exp":0},
{"id":112,"lvl":4,"nation":2,"icon":"army_20112_png","name":"火枪手Ⅳ","desc":"弓箭手：游走在部队的边缘，灵活敏捷擅长远程射击，好像不那么容易死","need":[{"prop":103,"num":300},{"prop":107,"num":30}],"die_rate":25,"power":46,"hp":46,"critical":1.5,"dodge":1.5,"cd_time":0.4,"exp":0},
{"id":112,"lvl":5,"nation":2,"icon":"army_20112_png","name":"火枪手Ⅴ","desc":"弓箭手：游走在部队的边缘，灵活敏捷擅长远程射击，好像不那么容易死","need":[{"prop":103,"num":300},{"prop":107,"num":30}],"die_rate":25,"power":50,"hp":50,"critical":1.5,"dodge":1.5,"cd_time":0.4,"exp":0},
{"id":112,"lvl":6,"nation":2,"icon":"army_20112_png","name":"火枪手Ⅵ","desc":"弓箭手：游走在部队的边缘，灵活敏捷擅长远程射击，好像不那么容易死","need":[{"prop":103,"num":300},{"prop":107,"num":30}],"die_rate":25,"power":57,"hp":57,"critical":1.5,"dodge":1.5,"cd_time":0.4,"exp":0},
{"id":112,"lvl":7,"nation":2,"icon":"army_20112_png","name":"火枪手Ⅶ","desc":"弓箭手：游走在部队的边缘，灵活敏捷擅长远程射击，好像不那么容易死","need":[{"prop":103,"num":300},{"prop":107,"num":30}],"die_rate":25,"power":64,"hp":64,"critical":1.5,"dodge":1.5,"cd_time":0.4,"exp":0},
{"id":112,"lvl":8,"nation":2,"icon":"army_20112_png","name":"火枪手Ⅷ","desc":"弓箭手：游走在部队的边缘，灵活敏捷擅长远程射击，好像不那么容易死","need":[{"prop":103,"num":300},{"prop":107,"num":30}],"die_rate":25,"power":71,"hp":71,"critical":1.5,"dodge":1.5,"cd_time":0.4,"exp":0},
{"id":112,"lvl":9,"nation":2,"icon":"army_20112_png","name":"火枪手Ⅸ","desc":"弓箭手：游走在部队的边缘，灵活敏捷擅长远程射击，好像不那么容易死","need":[{"prop":103,"num":300},{"prop":107,"num":30}],"die_rate":25,"power":78,"hp":78,"critical":1.5,"dodge":1.5,"cd_time":0.4,"exp":0},
{"id":112,"lvl":10,"nation":2,"icon":"army_20112_png","name":"火枪手Ⅹ","desc":"弓箭手：游走在部队的边缘，灵活敏捷擅长远程射击，好像不那么容易死","need":[{"prop":103,"num":300},{"prop":107,"num":30}],"die_rate":25,"power":85,"hp":85,"critical":1.5,"dodge":1.5,"cd_time":0.4,"exp":0},
{"id":112,"lvl":1,"nation":3,"icon":"army_20113_png","name":"骷髅弓手Ⅰ","desc":"弓箭手：游走在部队的边缘，灵活敏捷擅长远程射击，好像不那么容易死","need":[{"prop":103,"num":300},{"prop":107,"num":30}],"die_rate":25,"power":85,"hp":85,"critical":0,"dodge":10,"cd_time":0.4,"exp":0},
{"id":112,"lvl":2,"nation":3,"icon":"army_20113_png","name":"骷髅弓手Ⅱ","desc":"弓箭手：游走在部队的边缘，灵活敏捷擅长远程射击，好像不那么容易死","need":[{"prop":103,"num":300},{"prop":107,"num":30}],"die_rate":25,"power":85,"hp":85,"critical":0,"dodge":10,"cd_time":0.4,"exp":0},
{"id":112,"lvl":3,"nation":3,"icon":"army_20113_png","name":"骷髅弓手Ⅲ","desc":"弓箭手：游走在部队的边缘，灵活敏捷擅长远程射击，好像不那么容易死","need":[{"prop":103,"num":300},{"prop":107,"num":30}],"die_rate":25,"power":45,"hp":39,"critical":0,"dodge":10,"cd_time":0.4,"exp":0},
{"id":112,"lvl":4,"nation":3,"icon":"army_20113_png","name":"骷髅弓手Ⅳ","desc":"弓箭手：游走在部队的边缘，灵活敏捷擅长远程射击，好像不那么容易死","need":[{"prop":103,"num":300},{"prop":107,"num":30}],"die_rate":25,"power":49,"hp":42,"critical":0,"dodge":10,"cd_time":0.4,"exp":0},
{"id":112,"lvl":5,"nation":3,"icon":"army_20113_png","name":"骷髅弓手Ⅴ","desc":"弓箭手：游走在部队的边缘，灵活敏捷擅长远程射击，好像不那么容易死","need":[{"prop":103,"num":300},{"prop":107,"num":30}],"die_rate":25,"power":53,"hp":45,"critical":0,"dodge":10,"cd_time":0.4,"exp":0},
{"id":112,"lvl":6,"nation":3,"icon":"army_20113_png","name":"骷髅弓手Ⅵ","desc":"弓箭手：游走在部队的边缘，灵活敏捷擅长远程射击，好像不那么容易死","need":[{"prop":103,"num":300},{"prop":107,"num":30}],"die_rate":25,"power":61,"hp":51,"critical":0,"dodge":10,"cd_time":0.4,"exp":0},
{"id":112,"lvl":7,"nation":3,"icon":"army_20113_png","name":"骷髅弓手Ⅶ","desc":"弓箭手：游走在部队的边缘，灵活敏捷擅长远程射击，好像不那么容易死","need":[{"prop":103,"num":300},{"prop":107,"num":30}],"die_rate":25,"power":69,"hp":57,"critical":0,"dodge":10,"cd_time":0.4,"exp":0},
{"id":112,"lvl":8,"nation":3,"icon":"army_20113_png","name":"骷髅弓手Ⅷ","desc":"弓箭手：游走在部队的边缘，灵活敏捷擅长远程射击，好像不那么容易死","need":[{"prop":103,"num":300},{"prop":107,"num":30}],"die_rate":25,"power":77,"hp":63,"critical":0,"dodge":10,"cd_time":0.4,"exp":0},
{"id":112,"lvl":9,"nation":3,"icon":"army_20113_png","name":"骷髅弓手Ⅸ","desc":"弓箭手：游走在部队的边缘，灵活敏捷擅长远程射击，好像不那么容易死","need":[{"prop":103,"num":300},{"prop":107,"num":30}],"die_rate":25,"power":85,"hp":69,"critical":0,"dodge":10,"cd_time":0.4,"exp":0},
{"id":112,"lvl":10,"nation":3,"icon":"army_20113_png","name":"骷髅弓手Ⅹ","desc":"弓箭手：游走在部队的边缘，灵活敏捷擅长远程射击，好像不那么容易死","need":[{"prop":103,"num":300},{"prop":107,"num":30}],"die_rate":25,"power":93,"hp":75,"critical":0,"dodge":10,"cd_time":0.4,"exp":0},
{"id":113,"lvl":1,"nation":0,"icon":"army_3011_png","name":"骑兵Ⅰ","desc":"骑兵：勇敢、忠诚的象征，勇猛的冲锋部队，杀伤力强大","need":[{"prop":103,"num":500},{"prop":108,"num":50}],"die_rate":30,"power":50,"hp":50,"critical":0,"dodge":0,"cd_time":0.4,"exp":0},
{"id":113,"lvl":2,"nation":0,"icon":"army_3012_png","name":"骑兵Ⅱ","desc":"骑兵：勇敢、忠诚的象征，勇猛的冲锋部队，杀伤力强大","need":[{"prop":103,"num":500},{"prop":108,"num":50}],"die_rate":30,"power":55,"hp":55,"critical":0,"dodge":0,"cd_time":0.4,"exp":0},
{"id":113,"lvl":3,"nation":0,"icon":"army_3013_png","name":"骑兵Ⅲ","desc":"骑兵：勇敢、忠诚的象征，勇猛的冲锋部队，杀伤力强大","need":[{"prop":103,"num":500},{"prop":108,"num":50}],"die_rate":30,"power":60,"hp":60,"critical":0,"dodge":0,"cd_time":0.4,"exp":0},
{"id":113,"lvl":4,"nation":0,"icon":"army_3014_png","name":"骑兵Ⅳ","desc":"骑兵：勇敢、忠诚的象征，勇猛的冲锋部队，杀伤力强大","need":[{"prop":103,"num":500},{"prop":108,"num":50}],"die_rate":30,"power":65,"hp":65,"critical":0,"dodge":0,"cd_time":0.4,"exp":0},
{"id":113,"lvl":5,"nation":0,"icon":"army_3015_png","name":"骑兵Ⅴ","desc":"骑兵：勇敢、忠诚的象征，勇猛的冲锋部队，杀伤力强大","need":[{"prop":103,"num":500},{"prop":108,"num":50}],"die_rate":30,"power":70,"hp":70,"critical":0,"dodge":0,"cd_time":0.4,"exp":0},
{"id":113,"lvl":6,"nation":0,"icon":"army_3015_png","name":"骑兵Ⅵ","desc":"骑兵：勇敢、忠诚的象征，勇猛的冲锋部队，杀伤力强大","need":[{"prop":103,"num":500},{"prop":108,"num":50}],"die_rate":30,"power":80,"hp":80,"critical":0,"dodge":0,"cd_time":0.4,"exp":0},
{"id":113,"lvl":7,"nation":0,"icon":"army_3015_png","name":"骑兵Ⅶ","desc":"骑兵：勇敢、忠诚的象征，勇猛的冲锋部队，杀伤力强大","need":[{"prop":103,"num":500},{"prop":108,"num":50}],"die_rate":30,"power":90,"hp":90,"critical":0,"dodge":0,"cd_time":0.4,"exp":0},
{"id":113,"lvl":8,"nation":0,"icon":"army_3015_png","name":"骑兵Ⅷ","desc":"骑兵：勇敢、忠诚的象征，勇猛的冲锋部队，杀伤力强大","need":[{"prop":103,"num":500},{"prop":108,"num":50}],"die_rate":30,"power":100,"hp":100,"critical":0,"dodge":0,"cd_time":0.4,"exp":0},
{"id":113,"lvl":9,"nation":0,"icon":"army_3015_png","name":"骑兵Ⅸ","desc":"骑兵：勇敢、忠诚的象征，勇猛的冲锋部队，杀伤力强大","need":[{"prop":103,"num":500},{"prop":108,"num":50}],"die_rate":30,"power":110,"hp":110,"critical":0,"dodge":0,"cd_time":0.4,"exp":0},
{"id":113,"lvl":10,"nation":0,"icon":"army_3015_png","name":"骑兵Ⅹ","desc":"骑兵：勇敢、忠诚的象征，勇猛的冲锋部队，杀伤力强大","need":[{"prop":103,"num":500},{"prop":108,"num":50}],"die_rate":30,"power":120,"hp":120,"critical":0,"dodge":0,"cd_time":0.4,"exp":0},
{"id":113,"lvl":11,"nation":0,"icon":"army_3015_png","name":"骑兵Ⅴ","desc":"骑兵：勇敢、忠诚的象征，勇猛的冲锋部队，杀伤力强大","need":[{"prop":103,"num":500},{"prop":108,"num":50}],"die_rate":30,"power":100,"hp":100,"critical":0,"dodge":0,"cd_time":0.4,"exp":0},
{"id":113,"lvl":12,"nation":0,"icon":"army_3015_png","name":"骑兵Ⅴ","desc":"骑兵：勇敢、忠诚的象征，勇猛的冲锋部队，杀伤力强大","need":[{"prop":103,"num":500},{"prop":108,"num":50}],"die_rate":30,"power":105,"hp":105,"critical":0,"dodge":0,"cd_time":0.4,"exp":0},
{"id":113,"lvl":20,"nation":0,"icon":"army_3015_png","name":"骑兵Ⅴ","desc":"骑兵：勇敢、忠诚的象征，勇猛的冲锋部队，杀伤力强大","need":[{"prop":103,"num":500},{"prop":108,"num":50}],"die_rate":30,"power":145,"hp":145,"critical":0,"dodge":0,"cd_time":0.4,"exp":0},
{"id":113,"lvl":28,"nation":0,"icon":"army_3015_png","name":"骑兵Ⅴ","desc":"骑兵：勇敢、忠诚的象征，勇猛的冲锋部队，杀伤力强大","need":[{"prop":103,"num":500},{"prop":108,"num":50}],"die_rate":30,"power":185,"hp":185,"critical":0,"dodge":0,"cd_time":0.4,"exp":0},
{"id":113,"lvl":40,"nation":0,"icon":"army_3015_png","name":"骑兵Ⅴ","desc":"骑兵：勇敢、忠诚的象征，勇猛的冲锋部队，杀伤力强大","need":[{"prop":103,"num":500},{"prop":108,"num":50}],"die_rate":30,"power":245,"hp":245,"critical":0,"dodge":0,"cd_time":0.4,"exp":0},
{"id":113,"lvl":1,"nation":1,"icon":"army_30111_png","name":"狼骑兵Ⅰ","desc":"骑兵：勇敢、忠诚的象征，勇猛的冲锋部队，杀伤力强大","need":[{"prop":103,"num":500},{"prop":108,"num":50}],"die_rate":30,"power":50,"hp":50,"critical":11.1,"dodge":0,"cd_time":0.4,"exp":0},
{"id":113,"lvl":2,"nation":1,"icon":"army_30111_png","name":"狼骑兵Ⅱ","desc":"骑兵：勇敢、忠诚的象征，勇猛的冲锋部队，杀伤力强大","need":[{"prop":103,"num":500},{"prop":108,"num":50}],"die_rate":30,"power":55,"hp":55,"critical":11.1,"dodge":0,"cd_time":0.4,"exp":0},
{"id":113,"lvl":3,"nation":1,"icon":"army_30111_png","name":"狼骑兵Ⅲ","desc":"骑兵：勇敢、忠诚的象征，勇猛的冲锋部队，杀伤力强大","need":[{"prop":103,"num":500},{"prop":108,"num":50}],"die_rate":30,"power":60,"hp":75,"critical":11.1,"dodge":0,"cd_time":0.4,"exp":0},
{"id":113,"lvl":4,"nation":1,"icon":"army_30111_png","name":"狼骑兵Ⅳ","desc":"骑兵：勇敢、忠诚的象征，勇猛的冲锋部队，杀伤力强大","need":[{"prop":103,"num":500},{"prop":108,"num":50}],"die_rate":30,"power":65,"hp":81,"critical":11.1,"dodge":0,"cd_time":0.4,"exp":0},
{"id":113,"lvl":5,"nation":1,"icon":"army_30111_png","name":"狼骑兵Ⅴ","desc":"骑兵：勇敢、忠诚的象征，勇猛的冲锋部队，杀伤力强大","need":[{"prop":103,"num":500},{"prop":108,"num":50}],"die_rate":30,"power":70,"hp":87,"critical":11.1,"dodge":0,"cd_time":0.4,"exp":0},
{"id":113,"lvl":6,"nation":1,"icon":"army_30111_png","name":"狼骑兵Ⅵ","desc":"骑兵：勇敢、忠诚的象征，勇猛的冲锋部队，杀伤力强大","need":[{"prop":103,"num":500},{"prop":108,"num":50}],"die_rate":30,"power":80,"hp":99,"critical":11.1,"dodge":0,"cd_time":0.4,"exp":0},
{"id":113,"lvl":7,"nation":1,"icon":"army_30111_png","name":"狼骑兵Ⅶ","desc":"骑兵：勇敢、忠诚的象征，勇猛的冲锋部队，杀伤力强大","need":[{"prop":103,"num":500},{"prop":108,"num":50}],"die_rate":30,"power":90,"hp":111,"critical":11.1,"dodge":0,"cd_time":0.4,"exp":0},
{"id":113,"lvl":8,"nation":1,"icon":"army_30111_png","name":"狼骑兵Ⅷ","desc":"骑兵：勇敢、忠诚的象征，勇猛的冲锋部队，杀伤力强大","need":[{"prop":103,"num":500},{"prop":108,"num":50}],"die_rate":30,"power":100,"hp":123,"critical":11.1,"dodge":0,"cd_time":0.4,"exp":0},
{"id":113,"lvl":9,"nation":1,"icon":"army_30111_png","name":"狼骑兵Ⅸ","desc":"骑兵：勇敢、忠诚的象征，勇猛的冲锋部队，杀伤力强大","need":[{"prop":103,"num":500},{"prop":108,"num":50}],"die_rate":30,"power":110,"hp":135,"critical":11.1,"dodge":0,"cd_time":0.4,"exp":0},
{"id":113,"lvl":10,"nation":1,"icon":"army_30111_png","name":"狼骑兵Ⅹ","desc":"骑兵：勇敢、忠诚的象征，勇猛的冲锋部队，杀伤力强大","need":[{"prop":103,"num":500},{"prop":108,"num":50}],"die_rate":30,"power":120,"hp":147,"critical":11.1,"dodge":0,"cd_time":0.4,"exp":0},
{"id":113,"lvl":1,"nation":2,"icon":"army_30112_png","name":"圣殿骑士Ⅰ","desc":"骑兵：勇敢、忠诚的象征，勇猛的冲锋部队，杀伤力强大","need":[{"prop":103,"num":500},{"prop":108,"num":50}],"die_rate":30,"power":50,"hp":50,"critical":1.5,"dodge":1.5,"cd_time":0.4,"exp":0},
{"id":113,"lvl":2,"nation":2,"icon":"army_30112_png","name":"圣殿骑士Ⅱ","desc":"骑兵：勇敢、忠诚的象征，勇猛的冲锋部队，杀伤力强大","need":[{"prop":103,"num":500},{"prop":108,"num":50}],"die_rate":30,"power":55,"hp":55,"critical":1.5,"dodge":1.5,"cd_time":0.4,"exp":0},
{"id":113,"lvl":3,"nation":2,"icon":"army_30112_png","name":"圣殿骑士Ⅲ","desc":"骑兵：勇敢、忠诚的象征，勇猛的冲锋部队，杀伤力强大","need":[{"prop":103,"num":500},{"prop":108,"num":50}],"die_rate":30,"power":75,"hp":75,"critical":1.5,"dodge":1.5,"cd_time":0.4,"exp":0},
{"id":113,"lvl":4,"nation":2,"icon":"army_30112_png","name":"圣殿骑士Ⅳ","desc":"骑兵：勇敢、忠诚的象征，勇猛的冲锋部队，杀伤力强大","need":[{"prop":103,"num":500},{"prop":108,"num":50}],"die_rate":30,"power":81,"hp":81,"critical":1.5,"dodge":1.5,"cd_time":0.4,"exp":0},
{"id":113,"lvl":5,"nation":2,"icon":"army_30112_png","name":"圣殿骑士Ⅴ","desc":"骑兵：勇敢、忠诚的象征，勇猛的冲锋部队，杀伤力强大","need":[{"prop":103,"num":500},{"prop":108,"num":50}],"die_rate":30,"power":87,"hp":87,"critical":1.5,"dodge":1.5,"cd_time":0.4,"exp":0},
{"id":113,"lvl":6,"nation":2,"icon":"army_30112_png","name":"圣殿骑士Ⅵ","desc":"骑兵：勇敢、忠诚的象征，勇猛的冲锋部队，杀伤力强大","need":[{"prop":103,"num":500},{"prop":108,"num":50}],"die_rate":30,"power":99,"hp":99,"critical":1.5,"dodge":1.5,"cd_time":0.4,"exp":0},
{"id":113,"lvl":7,"nation":2,"icon":"army_30112_png","name":"圣殿骑士Ⅶ","desc":"骑兵：勇敢、忠诚的象征，勇猛的冲锋部队，杀伤力强大","need":[{"prop":103,"num":500},{"prop":108,"num":50}],"die_rate":30,"power":111,"hp":111,"critical":1.5,"dodge":1.5,"cd_time":0.4,"exp":0},
{"id":113,"lvl":8,"nation":2,"icon":"army_30112_png","name":"圣殿骑士Ⅷ","desc":"骑兵：勇敢、忠诚的象征，勇猛的冲锋部队，杀伤力强大","need":[{"prop":103,"num":500},{"prop":108,"num":50}],"die_rate":30,"power":123,"hp":123,"critical":1.5,"dodge":1.5,"cd_time":0.4,"exp":0},
{"id":113,"lvl":9,"nation":2,"icon":"army_30112_png","name":"圣殿骑士Ⅸ","desc":"骑兵：勇敢、忠诚的象征，勇猛的冲锋部队，杀伤力强大","need":[{"prop":103,"num":500},{"prop":108,"num":50}],"die_rate":30,"power":135,"hp":135,"critical":1.5,"dodge":1.5,"cd_time":0.4,"exp":0},
{"id":113,"lvl":10,"nation":2,"icon":"army_30112_png","name":"圣殿骑士Ⅹ","desc":"骑兵：勇敢、忠诚的象征，勇猛的冲锋部队，杀伤力强大","need":[{"prop":103,"num":500},{"prop":108,"num":50}],"die_rate":30,"power":147,"hp":147,"critical":1.5,"dodge":1.5,"cd_time":0.4,"exp":0},
{"id":113,"lvl":1,"nation":3,"icon":"army_30113_png","name":"死灵骑兵Ⅰ","desc":"骑兵：勇敢、忠诚的象征，勇猛的冲锋部队，杀伤力强大","need":[{"prop":103,"num":500},{"prop":108,"num":50}],"die_rate":30,"power":50,"hp":50,"critical":0,"dodge":10,"cd_time":0.4,"exp":0},
{"id":113,"lvl":2,"nation":3,"icon":"army_30113_png","name":"死灵骑兵Ⅱ","desc":"骑兵：勇敢、忠诚的象征，勇猛的冲锋部队，杀伤力强大","need":[{"prop":103,"num":500},{"prop":108,"num":50}],"die_rate":30,"power":55,"hp":55,"critical":0,"dodge":10,"cd_time":0.4,"exp":0},
{"id":113,"lvl":3,"nation":3,"icon":"army_30113_png","name":"死灵骑兵Ⅲ","desc":"骑兵：勇敢、忠诚的象征，勇猛的冲锋部队，杀伤力强大","need":[{"prop":103,"num":500},{"prop":108,"num":50}],"die_rate":30,"power":75,"hp":60,"critical":0,"dodge":10,"cd_time":0.4,"exp":0},
{"id":113,"lvl":4,"nation":3,"icon":"army_30113_png","name":"死灵骑兵Ⅳ","desc":"骑兵：勇敢、忠诚的象征，勇猛的冲锋部队，杀伤力强大","need":[{"prop":103,"num":500},{"prop":108,"num":50}],"die_rate":30,"power":81,"hp":65,"critical":0,"dodge":10,"cd_time":0.4,"exp":0},
{"id":113,"lvl":5,"nation":3,"icon":"army_30113_png","name":"死灵骑兵Ⅴ","desc":"骑兵：勇敢、忠诚的象征，勇猛的冲锋部队，杀伤力强大","need":[{"prop":103,"num":500},{"prop":108,"num":50}],"die_rate":30,"power":87,"hp":70,"critical":0,"dodge":10,"cd_time":0.4,"exp":0},
{"id":113,"lvl":6,"nation":3,"icon":"army_30113_png","name":"死灵骑兵Ⅵ","desc":"骑兵：勇敢、忠诚的象征，勇猛的冲锋部队，杀伤力强大","need":[{"prop":103,"num":500},{"prop":108,"num":50}],"die_rate":30,"power":99,"hp":80,"critical":0,"dodge":10,"cd_time":0.4,"exp":0},
{"id":113,"lvl":7,"nation":3,"icon":"army_30113_png","name":"死灵骑兵Ⅶ","desc":"骑兵：勇敢、忠诚的象征，勇猛的冲锋部队，杀伤力强大","need":[{"prop":103,"num":500},{"prop":108,"num":50}],"die_rate":30,"power":111,"hp":90,"critical":0,"dodge":10,"cd_time":0.4,"exp":0},
{"id":113,"lvl":8,"nation":3,"icon":"army_30113_png","name":"死灵骑兵Ⅷ","desc":"骑兵：勇敢、忠诚的象征，勇猛的冲锋部队，杀伤力强大","need":[{"prop":103,"num":500},{"prop":108,"num":50}],"die_rate":30,"power":123,"hp":100,"critical":0,"dodge":10,"cd_time":0.4,"exp":0},
{"id":113,"lvl":9,"nation":3,"icon":"army_30113_png","name":"死灵骑兵Ⅸ","desc":"骑兵：勇敢、忠诚的象征，勇猛的冲锋部队，杀伤力强大","need":[{"prop":103,"num":500},{"prop":108,"num":50}],"die_rate":30,"power":135,"hp":110,"critical":0,"dodge":10,"cd_time":0.4,"exp":0},
{"id":113,"lvl":10,"nation":3,"icon":"army_30113_png","name":"死灵骑兵Ⅹ","desc":"骑兵：勇敢、忠诚的象征，勇猛的冲锋部队，杀伤力强大","need":[{"prop":103,"num":500},{"prop":108,"num":50}],"die_rate":30,"power":147,"hp":120,"critical":0,"dodge":10,"cd_time":0.4,"exp":0},
{"id":114,"lvl":1,"nation":0,"icon":"army_4011_png","name":"龙Ⅰ","desc":"龙：传说中的龙，不容易被杀死，龙息伤害巨大，所到之处，寸草不生！","need":[{"prop":103,"num":10000},{"prop":109,"num":10000}],"die_rate":10,"power":25000,"hp":25000,"critical":0,"dodge":0,"cd_time":1500,"exp":0},
{"id":114,"lvl":2,"nation":0,"icon":"army_4012_png","name":"龙Ⅱ","desc":"龙：传说中的龙，不容易被杀死，龙息伤害巨大，所到之处，寸草不生！","need":[{"prop":103,"num":10000},{"prop":109,"num":10000}],"die_rate":10,"power":27500,"hp":27500,"critical":0,"dodge":0,"cd_time":1500,"exp":0},
{"id":114,"lvl":3,"nation":0,"icon":"army_4013_png","name":"龙Ⅲ","desc":"龙：传说中的龙，不容易被杀死，龙息伤害巨大，所到之处，寸草不生！","need":[{"prop":103,"num":10000},{"prop":109,"num":10000}],"die_rate":10,"power":30000,"hp":30000,"critical":0,"dodge":0,"cd_time":1500,"exp":0},
{"id":114,"lvl":4,"nation":0,"icon":"army_4014_png","name":"龙Ⅳ","desc":"龙：传说中的龙，不容易被杀死，龙息伤害巨大，所到之处，寸草不生！","need":[{"prop":103,"num":10000},{"prop":109,"num":10000}],"die_rate":10,"power":32500,"hp":32500,"critical":0,"dodge":0,"cd_time":1500,"exp":0},
{"id":114,"lvl":5,"nation":0,"icon":"army_4015_png","name":"龙Ⅴ","desc":"龙：传说中的龙，不容易被杀死，龙息伤害巨大，所到之处，寸草不生！","need":[{"prop":103,"num":10000},{"prop":109,"num":10000}],"die_rate":10,"power":35000,"hp":35000,"critical":0,"dodge":0,"cd_time":1500,"exp":0},
{"id":114,"lvl":6,"nation":0,"icon":"army_4015_png","name":"龙Ⅵ","desc":"龙：传说中的龙，不容易被杀死，龙息伤害巨大，所到之处，寸草不生！","need":[{"prop":103,"num":10000},{"prop":109,"num":10000}],"die_rate":10,"power":40000,"hp":40000,"critical":0,"dodge":0,"cd_time":1500,"exp":0},
{"id":114,"lvl":7,"nation":0,"icon":"army_4015_png","name":"龙Ⅶ","desc":"龙：传说中的龙，不容易被杀死，龙息伤害巨大，所到之处，寸草不生！","need":[{"prop":103,"num":10000},{"prop":109,"num":10000}],"die_rate":10,"power":45000,"hp":45000,"critical":0,"dodge":0,"cd_time":1500,"exp":0},
{"id":114,"lvl":8,"nation":0,"icon":"army_4015_png","name":"龙Ⅷ","desc":"龙：传说中的龙，不容易被杀死，龙息伤害巨大，所到之处，寸草不生！","need":[{"prop":103,"num":10000},{"prop":109,"num":10000}],"die_rate":10,"power":50000,"hp":50000,"critical":0,"dodge":0,"cd_time":1500,"exp":0},
{"id":114,"lvl":9,"nation":0,"icon":"army_4015_png","name":"龙Ⅸ","desc":"龙：传说中的龙，不容易被杀死，龙息伤害巨大，所到之处，寸草不生！","need":[{"prop":103,"num":10000},{"prop":109,"num":10000}],"die_rate":10,"power":55000,"hp":55000,"critical":0,"dodge":0,"cd_time":1500,"exp":0},
{"id":114,"lvl":10,"nation":0,"icon":"army_4015_png","name":"龙Ⅹ","desc":"龙：传说中的龙，不容易被杀死，龙息伤害巨大，所到之处，寸草不生！","need":[{"prop":103,"num":10000},{"prop":109,"num":10000}],"die_rate":10,"power":60000,"hp":60000,"critical":0,"dodge":0,"cd_time":1500,"exp":0},
{"id":114,"lvl":11,"nation":0,"icon":"army_4015_png","name":"龙Ⅴ","desc":"龙：传说中的龙，不容易被杀死，龙息伤害巨大，所到之处，寸草不生！","need":[{"prop":103,"num":10000},{"prop":109,"num":10000}],"die_rate":10,"power":50000,"hp":50000,"critical":0,"dodge":0,"cd_time":1500,"exp":0},
{"id":114,"lvl":12,"nation":0,"icon":"army_4015_png","name":"龙Ⅴ","desc":"龙：传说中的龙，不容易被杀死，龙息伤害巨大，所到之处，寸草不生！","need":[{"prop":103,"num":10000},{"prop":109,"num":10000}],"die_rate":10,"power":52500,"hp":52500,"critical":0,"dodge":0,"cd_time":1500,"exp":0},
{"id":114,"lvl":20,"nation":0,"icon":"army_4015_png","name":"龙Ⅴ","desc":"龙：传说中的龙，不容易被杀死，龙息伤害巨大，所到之处，寸草不生！","need":[{"prop":103,"num":10000},{"prop":109,"num":10000}],"die_rate":10,"power":72500,"hp":72500,"critical":0,"dodge":0,"cd_time":1500,"exp":0},
{"id":114,"lvl":28,"nation":0,"icon":"army_4015_png","name":"龙Ⅴ","desc":"龙：传说中的龙，不容易被杀死，龙息伤害巨大，所到之处，寸草不生！","need":[{"prop":103,"num":10000},{"prop":109,"num":10000}],"die_rate":10,"power":92500,"hp":92500,"critical":0,"dodge":0,"cd_time":1500,"exp":0},
{"id":114,"lvl":40,"nation":0,"icon":"army_4015_png","name":"龙Ⅴ","desc":"龙：传说中的龙，不容易被杀死，龙息伤害巨大，所到之处，寸草不生！","need":[{"prop":103,"num":10000},{"prop":109,"num":10000}],"die_rate":10,"power":122500,"hp":122500,"critical":0,"dodge":0,"cd_time":1500,"exp":0},
{"id":114,"lvl":1,"nation":1,"icon":"army_40111_png","name":"狮龙Ⅰ","desc":"龙：传说中的龙，不容易被杀死，龙息伤害巨大，所到之处，寸草不生！","need":[{"prop":103,"num":10000},{"prop":109,"num":10000}],"die_rate":10,"power":25000,"hp":25000,"critical":11.1,"dodge":0,"cd_time":1500,"exp":0},
{"id":114,"lvl":2,"nation":1,"icon":"army_40111_png","name":"狮龙Ⅱ","desc":"龙：传说中的龙，不容易被杀死，龙息伤害巨大，所到之处，寸草不生！","need":[{"prop":103,"num":10000},{"prop":109,"num":10000}],"die_rate":10,"power":27000,"hp":27000,"critical":11.1,"dodge":0,"cd_time":1500,"exp":0},
{"id":114,"lvl":3,"nation":1,"icon":"army_40111_png","name":"狮龙Ⅲ","desc":"龙：传说中的龙，不容易被杀死，龙息伤害巨大，所到之处，寸草不生！","need":[{"prop":103,"num":10000},{"prop":109,"num":10000}],"die_rate":10,"power":30000,"hp":37500,"critical":11.1,"dodge":0,"cd_time":1500,"exp":0},
{"id":114,"lvl":4,"nation":1,"icon":"army_40111_png","name":"狮龙Ⅳ","desc":"龙：传说中的龙，不容易被杀死，龙息伤害巨大，所到之处，寸草不生！","need":[{"prop":103,"num":10000},{"prop":109,"num":10000}],"die_rate":10,"power":32500,"hp":40630,"critical":11.1,"dodge":0,"cd_time":1500,"exp":0},
{"id":114,"lvl":5,"nation":1,"icon":"army_40111_png","name":"狮龙Ⅴ","desc":"龙：传说中的龙，不容易被杀死，龙息伤害巨大，所到之处，寸草不生！","need":[{"prop":103,"num":10000},{"prop":109,"num":10000}],"die_rate":10,"power":35000,"hp":43760,"critical":11.1,"dodge":0,"cd_time":1500,"exp":0},
{"id":114,"lvl":6,"nation":1,"icon":"army_40111_png","name":"狮龙Ⅵ","desc":"龙：传说中的龙，不容易被杀死，龙息伤害巨大，所到之处，寸草不生！","need":[{"prop":103,"num":10000},{"prop":109,"num":10000}],"die_rate":10,"power":40000,"hp":50010,"critical":11.1,"dodge":0,"cd_time":1500,"exp":0},
{"id":114,"lvl":7,"nation":1,"icon":"army_40111_png","name":"狮龙Ⅶ","desc":"龙：传说中的龙，不容易被杀死，龙息伤害巨大，所到之处，寸草不生！","need":[{"prop":103,"num":10000},{"prop":109,"num":10000}],"die_rate":10,"power":45000,"hp":56260,"critical":11.1,"dodge":0,"cd_time":1500,"exp":0},
{"id":114,"lvl":8,"nation":1,"icon":"army_40111_png","name":"狮龙Ⅷ","desc":"龙：传说中的龙，不容易被杀死，龙息伤害巨大，所到之处，寸草不生！","need":[{"prop":103,"num":10000},{"prop":109,"num":10000}],"die_rate":10,"power":50000,"hp":62510,"critical":11.1,"dodge":0,"cd_time":1500,"exp":0},
{"id":114,"lvl":9,"nation":1,"icon":"army_40111_png","name":"狮龙Ⅸ","desc":"龙：传说中的龙，不容易被杀死，龙息伤害巨大，所到之处，寸草不生！","need":[{"prop":103,"num":10000},{"prop":109,"num":10000}],"die_rate":10,"power":55000,"hp":68760,"critical":11.1,"dodge":0,"cd_time":1500,"exp":0},
{"id":114,"lvl":10,"nation":1,"icon":"army_40111_png","name":"狮龙Ⅹ","desc":"龙：传说中的龙，不容易被杀死，龙息伤害巨大，所到之处，寸草不生！","need":[{"prop":103,"num":10000},{"prop":109,"num":10000}],"die_rate":10,"power":60000,"hp":75010,"critical":11.1,"dodge":0,"cd_time":1500,"exp":0},
{"id":114,"lvl":1,"nation":2,"icon":"army_40112_png","name":"角龙Ⅰ","desc":"龙：传说中的龙，不容易被杀死，龙息伤害巨大，所到之处，寸草不生！","need":[{"prop":103,"num":10000},{"prop":109,"num":10000}],"die_rate":10,"power":25000,"hp":25000,"critical":0,"dodge":0,"cd_time":1500,"exp":0},
{"id":114,"lvl":2,"nation":2,"icon":"army_40112_png","name":"角龙Ⅱ","desc":"龙：传说中的龙，不容易被杀死，龙息伤害巨大，所到之处，寸草不生！","need":[{"prop":103,"num":10000},{"prop":109,"num":10000}],"die_rate":10,"power":27000,"hp":27000,"critical":0,"dodge":0,"cd_time":1500,"exp":0},
{"id":114,"lvl":3,"nation":2,"icon":"army_40112_png","name":"角龙Ⅲ","desc":"龙：传说中的龙，不容易被杀死，龙息伤害巨大，所到之处，寸草不生！","need":[{"prop":103,"num":10000},{"prop":109,"num":10000}],"die_rate":10,"power":35400,"hp":35400,"critical":0,"dodge":0,"cd_time":1500,"exp":0},
{"id":114,"lvl":4,"nation":2,"icon":"army_40112_png","name":"角龙Ⅳ","desc":"龙：传说中的龙，不容易被杀死，龙息伤害巨大，所到之处，寸草不生！","need":[{"prop":103,"num":10000},{"prop":109,"num":10000}],"die_rate":10,"power":38350,"hp":38350,"critical":0,"dodge":0,"cd_time":1500,"exp":0},
{"id":114,"lvl":5,"nation":2,"icon":"army_40112_png","name":"角龙Ⅴ","desc":"龙：传说中的龙，不容易被杀死，龙息伤害巨大，所到之处，寸草不生！","need":[{"prop":103,"num":10000},{"prop":109,"num":10000}],"die_rate":10,"power":41300,"hp":41300,"critical":0,"dodge":0,"cd_time":1500,"exp":0},
{"id":114,"lvl":6,"nation":2,"icon":"army_40112_png","name":"角龙Ⅵ","desc":"龙：传说中的龙，不容易被杀死，龙息伤害巨大，所到之处，寸草不生！","need":[{"prop":103,"num":10000},{"prop":109,"num":10000}],"die_rate":10,"power":47200,"hp":47200,"critical":0,"dodge":0,"cd_time":1500,"exp":0},
{"id":114,"lvl":7,"nation":2,"icon":"army_40112_png","name":"角龙Ⅶ","desc":"龙：传说中的龙，不容易被杀死，龙息伤害巨大，所到之处，寸草不生！","need":[{"prop":103,"num":10000},{"prop":109,"num":10000}],"die_rate":10,"power":53100,"hp":53100,"critical":0,"dodge":0,"cd_time":1500,"exp":0},
{"id":114,"lvl":8,"nation":2,"icon":"army_40112_png","name":"角龙Ⅷ","desc":"龙：传说中的龙，不容易被杀死，龙息伤害巨大，所到之处，寸草不生！","need":[{"prop":103,"num":10000},{"prop":109,"num":10000}],"die_rate":10,"power":59000,"hp":59000,"critical":0,"dodge":0,"cd_time":1500,"exp":0},
{"id":114,"lvl":9,"nation":2,"icon":"army_40112_png","name":"角龙Ⅸ","desc":"龙：传说中的龙，不容易被杀死，龙息伤害巨大，所到之处，寸草不生！","need":[{"prop":103,"num":10000},{"prop":109,"num":10000}],"die_rate":10,"power":64900,"hp":64900,"critical":0,"dodge":0,"cd_time":1500,"exp":0},
{"id":114,"lvl":10,"nation":2,"icon":"army_40112_png","name":"角龙Ⅹ","desc":"龙：传说中的龙，不容易被杀死，龙息伤害巨大，所到之处，寸草不生！","need":[{"prop":103,"num":10000},{"prop":109,"num":10000}],"die_rate":10,"power":70800,"hp":70800,"critical":0,"dodge":0,"cd_time":1500,"exp":0},
{"id":114,"lvl":1,"nation":3,"icon":"army_40113_png","name":"骨龙Ⅰ","desc":"龙：传说中的龙，不容易被杀死，龙息伤害巨大，所到之处，寸草不生！","need":[{"prop":103,"num":10000},{"prop":109,"num":10000}],"die_rate":10,"power":25000,"hp":25000,"critical":0,"dodge":10,"cd_time":1500,"exp":0},
{"id":114,"lvl":2,"nation":3,"icon":"army_40113_png","name":"骨龙Ⅱ","desc":"龙：传说中的龙，不容易被杀死，龙息伤害巨大，所到之处，寸草不生！","need":[{"prop":103,"num":10000},{"prop":109,"num":10000}],"die_rate":10,"power":27000,"hp":27000,"critical":0,"dodge":10,"cd_time":1500,"exp":0},
{"id":114,"lvl":3,"nation":3,"icon":"army_40113_png","name":"骨龙Ⅲ","desc":"龙：传说中的龙，不容易被杀死，龙息伤害巨大，所到之处，寸草不生！","need":[{"prop":103,"num":10000},{"prop":109,"num":10000}],"die_rate":10,"power":37500,"hp":30000,"critical":0,"dodge":10,"cd_time":1500,"exp":0},
{"id":114,"lvl":4,"nation":3,"icon":"army_40113_png","name":"骨龙Ⅳ","desc":"龙：传说中的龙，不容易被杀死，龙息伤害巨大，所到之处，寸草不生！","need":[{"prop":103,"num":10000},{"prop":109,"num":10000}],"die_rate":10,"power":40625,"hp":32500,"critical":0,"dodge":10,"cd_time":1500,"exp":0},
{"id":114,"lvl":5,"nation":3,"icon":"army_40113_png","name":"骨龙Ⅴ","desc":"龙：传说中的龙，不容易被杀死，龙息伤害巨大，所到之处，寸草不生！","need":[{"prop":103,"num":10000},{"prop":109,"num":10000}],"die_rate":10,"power":43750,"hp":35000,"critical":0,"dodge":10,"cd_time":1500,"exp":0},
{"id":114,"lvl":6,"nation":3,"icon":"army_40113_png","name":"骨龙Ⅵ","desc":"龙：传说中的龙，不容易被杀死，龙息伤害巨大，所到之处，寸草不生！","need":[{"prop":103,"num":10000},{"prop":109,"num":10000}],"die_rate":10,"power":50000,"hp":40000,"critical":0,"dodge":10,"cd_time":1500,"exp":0},
{"id":114,"lvl":7,"nation":3,"icon":"army_40113_png","name":"骨龙Ⅶ","desc":"龙：传说中的龙，不容易被杀死，龙息伤害巨大，所到之处，寸草不生！","need":[{"prop":103,"num":10000},{"prop":109,"num":10000}],"die_rate":10,"power":56250,"hp":45000,"critical":0,"dodge":10,"cd_time":1500,"exp":0},
{"id":114,"lvl":8,"nation":3,"icon":"army_40113_png","name":"骨龙Ⅷ","desc":"龙：传说中的龙，不容易被杀死，龙息伤害巨大，所到之处，寸草不生！","need":[{"prop":103,"num":10000},{"prop":109,"num":10000}],"die_rate":10,"power":62500,"hp":50000,"critical":0,"dodge":10,"cd_time":1500,"exp":0},
{"id":114,"lvl":9,"nation":3,"icon":"army_40113_png","name":"骨龙Ⅸ","desc":"龙：传说中的龙，不容易被杀死，龙息伤害巨大，所到之处，寸草不生！","need":[{"prop":103,"num":10000},{"prop":109,"num":10000}],"die_rate":10,"power":68750,"hp":55000,"critical":0,"dodge":10,"cd_time":1500,"exp":0},
{"id":114,"lvl":10,"nation":3,"icon":"army_40113_png","name":"骨龙Ⅹ","desc":"龙：传说中的龙，不容易被杀死，龙息伤害巨大，所到之处，寸草不生！","need":[{"prop":103,"num":10000},{"prop":109,"num":10000}],"die_rate":10,"power":75000,"hp":60000,"critical":0,"dodge":10,"cd_time":1500,"exp":0},
{"id":120,"lvl":1,"nation":0,"icon":"army_5011_png","name":"王座守卫","desc":"此生只效忠于王座的主人","need":[{"prop":103,"num":10000},{"prop":109,"num":10000}],"die_rate":100,"power":2000,"hp":2000,"critical":0,"dodge":0,"cd_time":0.36,"exp":0}
]