[
{"id":1,"next_id":2,"type":10,"condition":[{"ptype":2,"type_id":111,"num":1,"icon":"task_06_png","desc":"龙母的馈赠"}],"desc":"干的漂亮！","award":[{"prop":10901,"num":1}]},
{"id":2,"next_id":3,"type":10,"condition":[{"ptype":1,"type_id":105,"num":20,"icon":"arch_103_png","desc":"采石场数量达到20个"}],"desc":"说明：采石场每秒都会生产石头\n提示：在【建造】中选择【资源】，点击【采石场】右侧的+1按钮可以建造","award":[{"prop":10201,"num":1}]},
{"id":3,"next_id":4,"type":11,"condition":[{"ptype":50,"type_id":0,"num":1,"icon":"pic_yindaoopened_png","desc":"开启铁匠铺"}],"desc":"说明：铁匠铺开启后，可以生产金属，但是每秒都会消耗石头\n提示：在【建造】中选择【工厂】，点击【铁匠铺】左侧的开关按钮","award":[{"prop":11001,"num":1}]},
{"id":4,"next_id":5,"type":10,"condition":[{"ptype":2,"type_id":103,"num":5,"icon":"arch_108_png","desc":"谷仓数量达到5个"}],"desc":"提示：在【建造】中选择【仓库】，点击【谷仓】右侧的+1按钮可以建造","award":[{"prop":10001,"num":1}]},
{"id":5,"next_id":6,"type":10,"condition":[{"ptype":2,"type_id":104,"num":5,"icon":"arch_109_png","desc":"木料存储棚数量达到5个"}],"desc":"提示：在【建造】中选择【仓库】，点击【木料存储棚】右侧的+1按钮可以建造","award":[{"prop":10101,"num":1}]},
{"id":6,"next_id":21,"type":10,"condition":[{"ptype":2,"type_id":105,"num":5,"icon":"arch_110_png","desc":"石料存储棚数量达到5个"}],"desc":"提示：在【建造】中选择【仓库】，点击【石料存储棚】右侧的+1按钮可以建造","award":[{"prop":10201,"num":1}]},
{"id":21,"next_id":7,"type":11,"condition":[{"ptype":51,"type_id":0,"num":1,"icon":"pic_yindaoclosed_png","desc":"关闭铁匠铺"}],"desc":"说明：铁匠铺关闭后，会停止生产金属，同时每秒不会再消耗石头\n提示：在【建造】中选择【工厂】，点击铁匠铺左侧开关","award":[{"prop":10201,"num":1}]},
{"id":7,"next_id":8,"type":10,"condition":[{"ptype":2,"type_id":111,"num":10,"icon":"arch_111_png","desc":"步兵营数量达到10个"}],"desc":"说明：步兵营越多，可容纳的步兵数量越多\n提示：在【建造】中选择【战争】，点击【步兵营】右侧的+1按钮可以建造","award":[{"prop":11001,"num":1}]},
{"id":8,"next_id":9,"type":10,"condition":[{"ptype":3,"type_id":111,"num":40,"icon":"army_1011_png","desc":"步兵数量达到40个"}],"desc":"提示：在【部队】页签中，点击【步兵】右侧的+1按钮可以招募士兵","award":[{"prop":11001,"num":1}]},
{"id":9,"next_id":22,"type":12,"condition":[{"ptype":4,"type_id":0,"num":5,"icon":"task_02_png","desc":"通过战争提升至“子爵”级别"}],"desc":"说明：军衔越高，表明领主实力越高\n提示：在【战斗】中选择【领主战争】，通过【进入战斗】按钮可以攻打其他领主，胜利之后可获得奖杯从而提升军衔","award":[{"prop":10601,"num":1}]},
{"id":22,"next_id":23,"type":11,"condition":[{"ptype":50,"type_id":0,"num":1,"icon":"pic_yindaoopened_png","desc":"开启铁匠铺"}],"desc":"说明：铁匠铺开启后，可以生产金属，但是每秒都会消耗石头\n提示：在【建造】中选择【工厂】，点击【铁匠铺】左侧的开关按钮","award":[{"prop":10001,"num":1}]},
{"id":23,"next_id":24,"type":10,"condition":[{"ptype":3,"type_id":111,"num":60,"icon":"army_1011_png","desc":"步兵数量达到60个"}],"desc":"提示：在【部队】页签中，点击【步兵】右侧的+1按钮可以招募士兵","award":[{"prop":10201,"num":1}]},
{"id":24,"next_id":10,"type":11,"condition":[{"ptype":51,"type_id":0,"num":1,"icon":"pic_yindaoclosed_png","desc":"关闭铁匠铺"}],"desc":"说明：铁匠铺开启后，可以生产金属，但是每秒都会消耗石头\n提示：在【建造】中选择【工厂】，点击【铁匠铺】左侧的开关按钮","award":[{"prop":10201,"num":1}]},
{"id":10,"next_id":11,"type":10,"condition":[{"ptype":1,"type_id":103,"num":50,"icon":"arch_101_png","desc":"农场数量到达50个"}],"desc":"说明：农场每秒都会生产食物\n提示：在【建造】中选择【资源】，点击【农场】右侧的+1按钮可以建造","award":[{"prop":11001,"num":1}]},
{"id":11,"next_id":12,"type":10,"condition":[{"ptype":1,"type_id":104,"num":50,"icon":"arch_102_png","desc":"伐木场数量达到50个"}],"desc":"说明：伐木场每秒都会生产木头\n提示：在【建造】中选择【资源】，点击【伐木场】右侧的+1按钮可以建造","award":[{"prop":11001,"num":1}]},
{"id":12,"next_id":25,"type":10,"condition":[{"ptype":1,"type_id":105,"num":50,"icon":"arch_103_png","desc":"采石场数量达到50个"}],"desc":"说明：采石场每秒都会生产石头\n提示：在【建造】中选择【资源】，点击【采石场】右侧的+1按钮可以建造","award":[{"prop":11001,"num":1}]},
{"id":25,"next_id":26,"type":11,"condition":[{"ptype":50,"type_id":0,"num":1,"icon":"pic_yindaoopened_png","desc":"开启铁匠铺"}],"desc":"说明：铁匠铺开启后，可以生产金属，但是每秒都会消耗石头\n提示：在【建造】中选择【工厂】，点击【铁匠铺】左侧的开关按钮","award":[{"prop":10001,"num":1}]},
{"id":26,"next_id":27,"type":10,"condition":[{"ptype":3,"type_id":111,"num":100,"icon":"army_1011_png","desc":"步兵数量达到100个"}],"desc":"提示：在【部队】页签中，点击【步兵】右侧的+1按钮可以招募士兵","award":[{"prop":10001,"num":1}]},
{"id":27,"next_id":13,"type":11,"condition":[{"ptype":51,"type_id":0,"num":1,"icon":"pic_yindaoclosed_png","desc":"关闭铁匠铺"}],"desc":"说明：铁匠铺开启后，可以生产金属，但是每秒都会消耗石头\n提示：在【建造】中选择【工厂】，点击【铁匠铺】左侧的开关按钮","award":[{"prop":10201,"num":1}]},
{"id":13,"next_id":14,"type":10,"condition":[{"ptype":2,"type_id":111,"num":200,"icon":"arch_111_png","desc":"步兵营数量达到200个"}],"desc":"说明：步兵营越多，可容纳的步兵数量越多\n提示：在【建造】中选择【战争】，点击【步兵营】右侧的+1按钮可以建造","award":[{"prop":11001,"num":1}]},
{"id":14,"next_id":15,"type":10,"condition":[{"ptype":3,"type_id":111,"num":500,"icon":"army_1011_png","desc":"步兵数量达到500个"}],"desc":"提示：在【部队】页签中，点击【步兵】右侧的+1按钮可以招募士兵","award":[{"prop":30003,"num":1}]},
{"id":15,"next_id":16,"type":10,"condition":[{"ptype":2,"type_id":103,"num":100,"icon":"arch_108_png","desc":"谷仓数量达到100个"}],"desc":"提示：在【建造】中选择【仓库】，点击【谷仓】右侧的+1按钮可以建造","award":[{"prop":10101,"num":2}]},
{"id":16,"next_id":17,"type":10,"condition":[{"ptype":2,"type_id":104,"num":100,"icon":"arch_109_png","desc":"木料存储棚数量达到100个"}],"desc":"提示：在【建造】中选择【仓库】，点击【木料存储棚】右侧的+1按钮可以建造","award":[{"prop":10101,"num":2}]},
{"id":17,"next_id":18,"type":10,"condition":[{"ptype":2,"type_id":105,"num":100,"icon":"arch_110_png","desc":"石料存储棚数量达到100个"}],"desc":"提示：在【建造】中选择【仓库】，点击【石料存储棚】右侧的+1按钮可以建造","award":[{"prop":10101,"num":2}]},
{"id":18,"next_id":19,"type":10,"condition":[{"ptype":2,"type_id":111,"num":500,"icon":"arch_111_png","desc":"步兵营数量达到500个"}],"desc":"说明：步兵营越多，可容纳的步兵数量越多\n提示：在【建造】中选择【战争】，点击【步兵营】右侧的+1按钮可以建造","award":[{"prop":11001,"num":1}]},
{"id":19,"next_id":20,"type":10,"condition":[{"ptype":3,"type_id":111,"num":2000,"icon":"army_1011_png","desc":"步兵数量达到2000个"}],"desc":"提示：在【部队】页签中，点击【步兵】右侧的+1按钮可以招募士兵","award":[{"prop":30002,"num":1}]},
{"id":20,"next_id":50,"type":12,"condition":[{"ptype":4,"type_id":0,"num":9,"icon":"task_03_png","desc":"通过战争提升至“勋爵”级别"}],"desc":"说明：军衔越高，表明领主实力越高\n提示：在【战斗】中选择【领主战争】，通过【进入战斗】按钮可以攻打其他领主，胜利之后可获得奖杯从而提升军衔","award":[{"prop":11001,"num":2}]},
{"id":50,"next_id":999,"type":20,"condition":[{"ptype":5,"type_id":0,"num":200,"icon":"task_04_png","desc":"手动采集资源200次"}],"desc":"","award":[{"prop":11001,"num":1}]},
{"id":51,"next_id":999,"type":20,"condition":[{"ptype":6,"type_id":0,"num":3,"icon":"task_05_png","desc":"排名战中主动攻打其他人3次"}],"desc":"","award":[{"prop":11001,"num":2}]},
{"id":52,"next_id":999,"type":20,"condition":[{"ptype":7,"type_id":0,"num":1,"icon":"task_01_png","desc":"联盟中完成1次捐献"}],"desc":"","award":[{"prop":11001,"num":1}]}
]