[
{"id":1,"equip":60000,"num_min":40,"num_max":60,"rate1":60,"rate2":0,"rate3":0,"rate4":0},
{"id":2,"equip":60003,"num_min":40,"num_max":60,"rate1":60,"rate2":0,"rate3":0,"rate4":0},
{"id":3,"equip":60006,"num_min":10,"num_max":20,"rate1":15,"rate2":0,"rate3":0,"rate4":0},
{"id":4,"equip":60009,"num_min":10,"num_max":20,"rate1":15,"rate2":0,"rate3":0,"rate4":0},
{"id":5,"equip":60101,"num_min":30,"num_max":50,"rate1":60,"rate2":0,"rate3":0,"rate4":0},
{"id":6,"equip":60104,"num_min":30,"num_max":50,"rate1":60,"rate2":0,"rate3":0,"rate4":0},
{"id":7,"equip":60107,"num_min":5,"num_max":15,"rate1":15,"rate2":0,"rate3":0,"rate4":0},
{"id":8,"equip":60201,"num_min":10,"num_max":30,"rate1":60,"rate2":0,"rate3":0,"rate4":0},
{"id":9,"equip":60204,"num_min":10,"num_max":30,"rate1":60,"rate2":0,"rate3":0,"rate4":0},
{"id":10,"equip":60207,"num_min":5,"num_max":15,"rate1":15,"rate2":0,"rate3":0,"rate4":0},
{"id":11,"equip":60210,"num_min":5,"num_max":15,"rate1":15,"rate2":0,"rate3":0,"rate4":0},
{"id":12,"equip":60301,"num_min":10,"num_max":30,"rate1":60,"rate2":0,"rate3":0,"rate4":0},
{"id":13,"equip":60304,"num_min":10,"num_max":30,"rate1":60,"rate2":0,"rate3":0,"rate4":0},
{"id":14,"equip":60307,"num_min":5,"num_max":15,"rate1":15,"rate2":0,"rate3":0,"rate4":0},
{"id":15,"equip":60401,"num_min":3,"num_max":7,"rate1":60,"rate2":0,"rate3":0,"rate4":0},
{"id":16,"equip":60404,"num_min":3,"num_max":7,"rate1":60,"rate2":0,"rate3":0,"rate4":0},
{"id":17,"equip":60407,"num_min":1,"num_max":3,"rate1":15,"rate2":0,"rate3":0,"rate4":0},
{"id":18,"equip":60410,"num_min":1,"num_max":3,"rate1":15,"rate2":0,"rate3":0,"rate4":0},
{"id":19,"equip":60501,"num_min":3,"num_max":7,"rate1":60,"rate2":0,"rate3":0,"rate4":0},
{"id":20,"equip":60504,"num_min":3,"num_max":7,"rate1":60,"rate2":0,"rate3":0,"rate4":0},
{"id":21,"equip":60507,"num_min":1,"num_max":3,"rate1":15,"rate2":0,"rate3":0,"rate4":0},
{"id":22,"equip":60601,"num_min":1,"num_max":1,"rate1":5,"rate2":0,"rate3":0,"rate4":0},
{"id":23,"equip":60607,"num_min":1,"num_max":1,"rate1":5,"rate2":0,"rate3":0,"rate4":0},
{"id":24,"equip":60012,"num_min":3,"num_max":7,"rate1":0,"rate2":4000,"rate3":0,"rate4":0},
{"id":25,"equip":60110,"num_min":3,"num_max":7,"rate1":0,"rate2":4000,"rate3":0,"rate4":0},
{"id":26,"equip":60213,"num_min":2,"num_max":4,"rate1":0,"rate2":4000,"rate3":0,"rate4":0},
{"id":27,"equip":60310,"num_min":2,"num_max":4,"rate1":0,"rate2":4000,"rate3":0,"rate4":0},
{"id":28,"equip":60413,"num_min":1,"num_max":3,"rate1":0,"rate2":4000,"rate3":0,"rate4":0},
{"id":29,"equip":60510,"num_min":1,"num_max":3,"rate1":0,"rate2":4000,"rate3":0,"rate4":0},
{"id":30,"equip":60604,"num_min":1,"num_max":1,"rate1":0,"rate2":10,"rate3":0,"rate4":0},
{"id":31,"equip":60610,"num_min":1,"num_max":1,"rate1":0,"rate2":10,"rate3":0,"rate4":0},
{"id":32,"equip":60006,"num_min":150,"num_max":250,"rate1":0,"rate2":0,"rate3":200,"rate4":0},
{"id":33,"equip":60009,"num_min":150,"num_max":250,"rate1":0,"rate2":0,"rate3":200,"rate4":0},
{"id":34,"equip":60107,"num_min":150,"num_max":250,"rate1":0,"rate2":0,"rate3":200,"rate4":0},
{"id":35,"equip":60207,"num_min":150,"num_max":250,"rate1":0,"rate2":0,"rate3":200,"rate4":0},
{"id":36,"equip":60210,"num_min":150,"num_max":250,"rate1":0,"rate2":0,"rate3":200,"rate4":0},
{"id":37,"equip":60307,"num_min":150,"num_max":250,"rate1":0,"rate2":0,"rate3":200,"rate4":0},
{"id":38,"equip":60407,"num_min":50,"num_max":100,"rate1":0,"rate2":0,"rate3":200,"rate4":0},
{"id":39,"equip":60410,"num_min":50,"num_max":100,"rate1":0,"rate2":0,"rate3":200,"rate4":0},
{"id":40,"equip":60507,"num_min":50,"num_max":100,"rate1":0,"rate2":0,"rate3":200,"rate4":0},
{"id":41,"equip":60601,"num_min":3,"num_max":5,"rate1":0,"rate2":0,"rate3":100,"rate4":0},
{"id":42,"equip":60607,"num_min":3,"num_max":5,"rate1":0,"rate2":0,"rate3":100,"rate4":0},
{"id":43,"equip":60012,"num_min":60,"num_max":100,"rate1":0,"rate2":0,"rate3":0,"rate4":400},
{"id":44,"equip":60110,"num_min":60,"num_max":100,"rate1":0,"rate2":0,"rate3":0,"rate4":400},
{"id":45,"equip":60213,"num_min":50,"num_max":70,"rate1":0,"rate2":0,"rate3":0,"rate4":400},
{"id":46,"equip":60310,"num_min":50,"num_max":70,"rate1":0,"rate2":0,"rate3":0,"rate4":400},
{"id":47,"equip":60413,"num_min":40,"num_max":60,"rate1":0,"rate2":0,"rate3":0,"rate4":400},
{"id":48,"equip":60510,"num_min":40,"num_max":60,"rate1":0,"rate2":0,"rate3":0,"rate4":400},
{"id":49,"equip":60604,"num_min":2,"num_max":4,"rate1":0,"rate2":0,"rate3":0,"rate4":100},
{"id":50,"equip":60610,"num_min":2,"num_max":4,"rate1":0,"rate2":0,"rate3":0,"rate4":100}
]