[
{"score":-999,"id":1,"name":"青铜赛区","items":[{"prop":"弓箭手","num":2000},{"prop":"骑兵","num":1000},{"prop":"步兵","num":2000},{"prop":"秘银","num":1000},{"prop":"龙","num":10},{"prop":"装备碎片","num":100},{"prop":"弓箭手","num":1000},{"prop":"骑兵","num":2000},{"prop":"步兵","num":1000}],"award":[{"prop":10701,"num":2},{"prop":10801,"num":1},{"prop":10601,"num":2},{"prop":10561,"num":1},{"prop":10901,"num":2},{"prop":69999,"num":100},{"prop":10701,"num":1},{"prop":10801,"num":2},{"prop":10601,"num":1}]},
{"score":1999,"id":2,"name":"白银赛区","items":[{"prop":"弓箭手","num":5000},{"prop":"骑兵","num":2000},{"prop":"步兵","num":4000},{"prop":"秘银","num":2000},{"prop":"龙","num":20},{"prop":"装备碎片","num":200},{"prop":"弓箭手","num":2000},{"prop":"骑兵","num":5000},{"prop":"步兵","num":2000}],"award":[{"prop":10701,"num":5},{"prop":10801,"num":2},{"prop":10601,"num":4},{"prop":10561,"num":2},{"prop":10901,"num":4},{"prop":69999,"num":200},{"prop":10701,"num":2},{"prop":10801,"num":5},{"prop":10601,"num":2}]},
{"score":3499,"id":3,"name":"黄金赛区","items":[{"prop":"弓箭手","num":10000},{"prop":"骑兵","num":5000},{"prop":"步兵","num":8000},{"prop":"秘银","num":5000},{"prop":"龙","num":40},{"prop":"装备碎片","num":500},{"prop":"弓箭手","num":4000},{"prop":"骑兵","num":10000},{"prop":"步兵","num":4000}],"award":[{"prop":10701,"num":10},{"prop":10801,"num":5},{"prop":10601,"num":8},{"prop":10561,"num":5},{"prop":10901,"num":8},{"prop":69999,"num":500},{"prop":10701,"num":4},{"prop":10801,"num":10},{"prop":10601,"num":4}]}
]