[
{"id":0,"gold":0,"equip_shop":0,"speed":0,"science_cd":0,"offline":0,"max_army":0,"warehouse":0,"army_cd":0,"reborn":0,"buy_energy":1,"buy_enter":1,"benefit_award":[],"gift_cost":0,"gift_award":[]},
{"id":1,"gold":100,"equip_shop":1,"speed":2,"science_cd":0,"offline":0,"max_army":0,"warehouse":0,"army_cd":0,"reborn":0,"buy_energy":3,"buy_enter":3,"benefit_award":[{"prop":60000,"num":5},{"prop":10001,"num":1},{"prop":10101,"num":1}],"gift_cost":48,"gift_award":[{"prop":60012,"num":40},{"prop":60110,"num":40}]},
{"id":2,"gold":480,"equip_shop":2,"speed":5,"science_cd":10,"offline":0,"max_army":0,"warehouse":0,"army_cd":0,"reborn":0,"buy_energy":5,"buy_enter":5,"benefit_award":[{"prop":31001,"num":1},{"prop":60006,"num":5},{"prop":10301,"num":1},{"prop":10401,"num":1}],"gift_cost":98,"gift_award":[{"prop":60012,"num":200},{"prop":60110,"num":200}]},
{"id":3,"gold":980,"equip_shop":2,"speed":10,"science_cd":10,"offline":1,"max_army":0,"warehouse":0,"army_cd":0,"reborn":0,"buy_energy":7,"buy_enter":10,"benefit_award":[{"prop":31001,"num":2},{"prop":60006,"num":5},{"prop":60207,"num":5},{"prop":10502,"num":2}],"gift_cost":188,"gift_award":[{"prop":60213,"num":300},{"prop":60310,"num":300},{"prop":31001,"num":5}]},
{"id":4,"gold":1880,"equip_shop":2,"speed":10,"science_cd":10,"offline":1,"max_army":0,"warehouse":0,"army_cd":0,"reborn":0,"buy_energy":8,"buy_enter":15,"benefit_award":[{"prop":31001,"num":3},{"prop":60006,"num":7},{"prop":60207,"num":7},{"prop":10502,"num":2}],"gift_cost":388,"gift_award":[{"prop":60213,"num":500},{"prop":60310,"num":500},{"prop":31001,"num":7}]},
{"id":5,"gold":4980,"equip_shop":2,"speed":15,"science_cd":15,"offline":2,"max_army":1,"warehouse":10,"army_cd":0,"reborn":0,"buy_energy":9,"buy_enter":20,"benefit_award":[{"prop":31001,"num":4},{"prop":60006,"num":10},{"prop":60207,"num":10},{"prop":10402,"num":2},{"prop":10502,"num":2}],"gift_cost":498,"gift_award":[{"prop":60213,"num":1000},{"prop":60310,"num":1000},{"prop":31001,"num":10}]},
{"id":6,"gold":9980,"equip_shop":2,"speed":20,"science_cd":15,"offline":3,"max_army":1,"warehouse":12,"army_cd":10,"reborn":0,"buy_energy":11,"buy_enter":30,"benefit_award":[{"prop":31001,"num":5},{"prop":60006,"num":15},{"prop":60207,"num":15},{"prop":10302,"num":2},{"prop":10402,"num":2}],"gift_cost":888,"gift_award":[{"prop":60510,"num":1500},{"prop":60413,"num":1500},{"prop":31002,"num":2}]},
{"id":7,"gold":20000,"equip_shop":2,"speed":25,"science_cd":20,"offline":4,"max_army":1,"warehouse":14,"army_cd":15,"reborn":15,"buy_energy":13,"buy_enter":40,"benefit_award":[{"prop":31001,"num":6},{"prop":60006,"num":30},{"prop":60207,"num":30},{"prop":60407,"num":30},{"prop":50001,"num":1}],"gift_cost":2898,"gift_award":[{"prop":60213,"num":2000},{"prop":60413,"num":1500},{"prop":31002,"num":3}]},
{"id":8,"gold":36000,"equip_shop":2,"speed":30,"science_cd":20,"offline":5,"max_army":1,"warehouse":16,"army_cd":20,"reborn":15,"buy_energy":15,"buy_enter":60,"benefit_award":[{"prop":31001,"num":7},{"prop":60006,"num":40},{"prop":60207,"num":40},{"prop":60407,"num":40},{"prop":50001,"num":2}],"gift_cost":5998,"gift_award":[{"prop":60310,"num":4000},{"prop":60510,"num":4000},{"prop":31002,"num":4}]},
{"id":9,"gold":58000,"equip_shop":2,"speed":30,"science_cd":25,"offline":5,"max_army":1,"warehouse":17,"army_cd":20,"reborn":15,"buy_energy":16,"buy_enter":70,"benefit_award":[{"prop":31001,"num":8},{"prop":60006,"num":45},{"prop":60207,"num":45},{"prop":60407,"num":45},{"prop":50001,"num":2}],"gift_cost":6888,"gift_award":[{"prop":60310,"num":5000},{"prop":60510,"num":5000},{"prop":31002,"num":5}]},
{"id":10,"gold":98000,"equip_shop":2,"speed":35,"science_cd":30,"offline":6,"max_army":1,"warehouse":18,"army_cd":25,"reborn":15,"buy_energy":17,"buy_enter":80,"benefit_award":[{"prop":60006,"num":50},{"prop":60207,"num":50},{"prop":60407,"num":50},{"prop":50002,"num":2},{"prop":55100,"num":1}],"gift_cost":7888,"gift_award":[{"prop":60110,"num":5500},{"prop":60310,"num":5500},{"prop":10562,"num":200}]},
{"id":11,"gold":198000,"equip_shop":2,"speed":35,"science_cd":30,"offline":6,"max_army":1,"warehouse":19,"army_cd":25,"reborn":15,"buy_energy":18,"buy_enter":90,"benefit_award":[{"prop":60006,"num":75},{"prop":60207,"num":75},{"prop":60407,"num":75},{"prop":50002,"num":3},{"prop":55100,"num":1}],"gift_cost":8888,"gift_award":[{"prop":60110,"num":6000},{"prop":60310,"num":6000},{"prop":10552,"num":200}]},
{"id":12,"gold":280000,"equip_shop":2,"speed":40,"science_cd":30,"offline":7,"max_army":1,"warehouse":20,"army_cd":30,"reborn":15,"buy_energy":19,"buy_enter":100,"benefit_award":[{"prop":60006,"num":100},{"prop":60207,"num":100},{"prop":60407,"num":100},{"prop":50002,"num":4},{"prop":55101,"num":1}],"gift_cost":11888,"gift_award":[{"prop":60213,"num":7000},{"prop":60413,"num":7000},{"prop":10572,"num":50},{"prop":10562,"num":300}]},
{"id":13,"gold":398000,"equip_shop":2,"speed":40,"science_cd":35,"offline":8,"max_army":1,"warehouse":21,"army_cd":30,"reborn":15,"buy_energy":20,"buy_enter":110,"benefit_award":[{"prop":60006,"num":125},{"prop":60207,"num":125},{"prop":60407,"num":125},{"prop":50002,"num":5},{"prop":55101,"num":2}],"gift_cost":12888,"gift_award":[{"prop":60213,"num":7500},{"prop":60413,"num":7500},{"prop":10572,"num":50},{"prop":10552,"num":300}]},
{"id":14,"gold":580000,"equip_shop":2,"speed":45,"science_cd":35,"offline":9,"max_army":1,"warehouse":22,"army_cd":35,"reborn":20,"buy_energy":21,"buy_enter":120,"benefit_award":[{"prop":60006,"num":150},{"prop":60207,"num":150},{"prop":60407,"num":150},{"prop":50002,"num":5},{"prop":55101,"num":3}],"gift_cost":14988,"gift_award":[{"prop":60213,"num":8000},{"prop":60413,"num":8000},{"prop":10572,"num":100},{"prop":10562,"num":400}]},
{"id":15,"gold":798000,"equip_shop":2,"speed":45,"science_cd":40,"offline":10,"max_army":1,"warehouse":23,"army_cd":35,"reborn":20,"buy_energy":22,"buy_enter":130,"benefit_award":[{"prop":60006,"num":175},{"prop":60207,"num":175},{"prop":60407,"num":175},{"prop":50002,"num":5},{"prop":55101,"num":4}],"gift_cost":15888,"gift_award":[{"prop":60213,"num":8000},{"prop":60413,"num":8000},{"prop":10572,"num":100},{"prop":10552,"num":400}]}
]