{"file":"NumberTexture.png","frames":{
"tm_maohao":{"x":196,"y":231,"w":9,"h":20,"offX":0,"offY":0,"sourceW":9,"sourceH":20},
"add_0":{"x":165,"y":1,"w":18,"h":22,"offX":0,"offY":0,"sourceW":18,"sourceH":22},
"add_1":{"x":203,"y":182,"w":13,"h":22,"offX":0,"offY":0,"sourceW":13,"sourceH":22},
"add_2":{"x":131,"y":188,"w":17,"h":22,"offX":0,"offY":0,"sourceW":17,"sourceH":22},
"add_3":{"x":207,"y":49,"w":17,"h":22,"offX":0,"offY":0,"sourceW":17,"sourceH":22},
"add_4":{"x":145,"y":1,"w":18,"h":22,"offX":0,"offY":0,"sourceW":18,"sourceH":22},
"add_5":{"x":93,"y":199,"w":17,"h":22,"offX":0,"offY":0,"sourceW":17,"sourceH":22},
"add_6":{"x":177,"y":25,"w":18,"h":22,"offX":0,"offY":0,"sourceW":18,"sourceH":22},
"add_7":{"x":226,"y":49,"w":17,"h":22,"offX":0,"offY":0,"sourceW":17,"sourceH":22},
"add_8":{"x":157,"y":25,"w":18,"h":22,"offX":0,"offY":0,"sourceW":18,"sourceH":22},
"add_9":{"x":179,"y":56,"w":18,"h":22,"offX":0,"offY":0,"sourceW":18,"sourceH":22},
"blood_add":{"x":177,"y":237,"w":17,"h":17,"offX":0,"offY":0,"sourceW":17,"sourceH":17},
"enemy_hero_flag":{"x":188,"y":159,"w":15,"h":21,"offX":0,"offY":0,"sourceW":15,"sourceH":21},
"enemy_kill_0":{"x":235,"y":231,"w":12,"h":15,"offX":0,"offY":0,"sourceW":12,"sourceH":15},
"enemy_kill_1":{"x":236,"y":195,"w":8,"h":15,"offX":0,"offY":0,"sourceW":8,"sourceH":15},
"enemy_kill_2":{"x":244,"y":125,"w":11,"h":15,"offX":0,"offY":0,"sourceW":11,"sourceH":15},
"enemy_kill_3":{"x":236,"y":91,"w":11,"h":15,"offX":0,"offY":0,"sourceW":11,"sourceH":15},
"enemy_kill_4":{"x":131,"y":212,"w":12,"h":15,"offX":0,"offY":0,"sourceW":12,"sourceH":15},
"enemy_kill_5":{"x":218,"y":157,"w":11,"h":15,"offX":0,"offY":0,"sourceW":11,"sourceH":15},
"enemy_kill_6":{"x":221,"y":231,"w":12,"h":15,"offX":0,"offY":0,"sourceW":12,"sourceH":15},
"enemy_kill_7":{"x":208,"y":206,"w":12,"h":15,"offX":0,"offY":0,"sourceW":12,"sourceH":15},
"enemy_kill_8":{"x":207,"y":231,"w":12,"h":15,"offX":0,"offY":0,"sourceW":12,"sourceH":15},
"enemy_kill_9":{"x":222,"y":206,"w":12,"h":15,"offX":0,"offY":0,"sourceW":12,"sourceH":15},
"enemy_reduce_0":{"x":135,"y":84,"w":19,"h":25,"offX":0,"offY":0,"sourceW":19,"sourceH":25},
"enemy_reduce_1":{"x":177,"y":210,"w":14,"h":25,"offX":0,"offY":0,"sourceW":14,"sourceH":25},
"enemy_reduce_2":{"x":117,"y":30,"w":20,"h":25,"offX":0,"offY":0,"sourceW":20,"sourceH":25},
"enemy_reduce_3":{"x":50,"y":222,"w":20,"h":25,"offX":0,"offY":0,"sourceW":20,"sourceH":25},
"enemy_reduce_4":{"x":72,"y":121,"w":20,"h":25,"offX":0,"offY":0,"sourceW":20,"sourceH":25},
"enemy_reduce_5":{"x":93,"y":148,"w":19,"h":25,"offX":0,"offY":0,"sourceW":19,"sourceH":25},
"enemy_reduce_6":{"x":156,"y":84,"w":19,"h":25,"offX":0,"offY":0,"sourceW":19,"sourceH":25},
"enemy_reduce_7":{"x":95,"y":30,"w":20,"h":25,"offX":0,"offY":0,"sourceW":20,"sourceH":25},
"enemy_reduce_8":{"x":55,"y":94,"w":20,"h":25,"offX":0,"offY":0,"sourceW":20,"sourceH":25},
"enemy_reduce_9":{"x":72,"y":230,"w":19,"h":25,"offX":0,"offY":0,"sourceW":19,"sourceH":25},
"enemy_reduce_blood":{"x":218,"y":195,"w":14,"h":7,"offX":0,"offY":0,"sourceW":14,"sourceH":7},
"mine_add_0.png":{"x":114,"y":230,"w":19,"h":25,"offX":0,"offY":0,"sourceW":19,"sourceH":25},
"mine_add_1":{"x":169,"y":183,"w":14,"h":25,"offX":0,"offY":0,"sourceW":14,"sourceH":25},
"mine_add_2":{"x":123,"y":1,"w":20,"h":25,"offX":0,"offY":0,"sourceW":20,"sourceH":25},
"mine_add_3":{"x":50,"y":195,"w":20,"h":25,"offX":0,"offY":0,"sourceW":20,"sourceH":25},
"mine_add_4":{"x":50,"y":168,"w":20,"h":25,"offX":0,"offY":0,"sourceW":20,"sourceH":25},
"mine_add_5":{"x":72,"y":176,"w":19,"h":25,"offX":0,"offY":0,"sourceW":19,"sourceH":25},
"mine_add_6":{"x":114,"y":84,"w":19,"h":25,"offX":0,"offY":0,"sourceW":19,"sourceH":25},
"mine_add_7":{"x":28,"y":223,"w":20,"h":25,"offX":0,"offY":0,"sourceW":20,"sourceH":25},
"mine_add_8":{"x":28,"y":196,"w":20,"h":25,"offX":0,"offY":0,"sourceW":20,"sourceH":25},
"mine_add_9":{"x":94,"y":113,"w":19,"h":25,"offX":0,"offY":0,"sourceW":19,"sourceH":25},
"mine_add_blood":{"x":150,"y":210,"w":18,"h":18,"offX":0,"offY":0,"sourceW":18,"sourceH":18},
"mine_kill_0":{"x":244,"y":108,"w":11,"h":15,"offX":0,"offY":0,"sourceW":11,"sourceH":15},
"mine_kill_1":{"x":229,"y":178,"w":9,"h":15,"offX":0,"offY":0,"sourceW":9,"sourceH":15},
"mine_kill_2":{"x":244,"y":142,"w":11,"h":15,"offX":0,"offY":0,"sourceW":11,"sourceH":15},
"mine_kill_3":{"x":244,"y":159,"w":11,"h":15,"offX":0,"offY":0,"sourceW":11,"sourceH":15},
"mine_kill_4":{"x":190,"y":128,"w":12,"h":15,"offX":0,"offY":0,"sourceW":12,"sourceH":15},
"mine_kill_5":{"x":231,"y":126,"w":11,"h":15,"offX":0,"offY":0,"sourceW":11,"sourceH":15},
"mine_kill_6":{"x":218,"y":140,"w":11,"h":15,"offX":0,"offY":0,"sourceW":11,"sourceH":15},
"mine_kill_7":{"x":231,"y":109,"w":11,"h":15,"offX":0,"offY":0,"sourceW":11,"sourceH":15},
"mine_kill_8":{"x":204,"y":128,"w":12,"h":15,"offX":0,"offY":0,"sourceW":12,"sourceH":15},
"mine_kill_9":{"x":231,"y":143,"w":11,"h":15,"offX":0,"offY":0,"sourceW":11,"sourceH":15},
"mine_reduce_0":{"x":135,"y":230,"w":19,"h":25,"offX":0,"offY":0,"sourceW":19,"sourceH":25},
"mine_reduce_1":{"x":115,"y":111,"w":14,"h":25,"offX":0,"offY":0,"sourceW":14,"sourceH":25},
"mine_reduce_2":{"x":98,"y":57,"w":20,"h":25,"offX":0,"offY":0,"sourceW":20,"sourceH":25},
"mine_reduce_3":{"x":50,"y":141,"w":20,"h":25,"offX":0,"offY":0,"sourceW":20,"sourceH":25},
"mine_reduce_4":{"x":76,"y":59,"w":20,"h":25,"offX":0,"offY":0,"sourceW":20,"sourceH":25},
"mine_reduce_5":{"x":156,"y":230,"w":19,"h":25,"offX":0,"offY":0,"sourceW":19,"sourceH":25},
"mine_reduce_6":{"x":72,"y":203,"w":19,"h":25,"offX":0,"offY":0,"sourceW":19,"sourceH":25},
"mine_reduce_7":{"x":28,"y":169,"w":20,"h":25,"offX":0,"offY":0,"sourceW":20,"sourceH":25},
"mine_reduce_8":{"x":77,"y":86,"w":20,"h":25,"offX":0,"offY":0,"sourceW":20,"sourceH":25},
"mine_reduce_9":{"x":93,"y":230,"w":19,"h":25,"offX":0,"offY":0,"sourceW":19,"sourceH":25},
"mine_reduce_blood":{"x":114,"y":164,"w":14,"h":7,"offX":0,"offY":0,"sourceW":14,"sourceH":7},
"reduce_0":{"x":112,"y":175,"w":17,"h":22,"offX":0,"offY":0,"sourceW":17,"sourceH":22},
"reduce_1":{"x":99,"y":84,"w":13,"h":22,"offX":0,"offY":0,"sourceW":13,"sourceH":22},
"reduce_2":{"x":152,"y":135,"w":17,"h":22,"offX":0,"offY":0,"sourceW":17,"sourceH":22},
"reduce_3":{"x":177,"y":80,"w":17,"h":22,"offX":0,"offY":0,"sourceW":17,"sourceH":22},
"reduce_4":{"x":159,"y":56,"w":18,"h":22,"offX":0,"offY":0,"sourceW":18,"sourceH":22},
"reduce_5":{"x":112,"y":199,"w":17,"h":22,"offX":0,"offY":0,"sourceW":17,"sourceH":22},
"reduce_6":{"x":131,"y":164,"w":17,"h":22,"offX":0,"offY":0,"sourceW":17,"sourceH":22},
"reduce_7":{"x":235,"y":25,"w":16,"h":22,"offX":0,"offY":0,"sourceW":16,"sourceH":22},
"reduce_8":{"x":150,"y":183,"w":17,"h":22,"offX":0,"offY":0,"sourceW":17,"sourceH":22},
"reduce_9":{"x":223,"y":1,"w":17,"h":22,"offX":0,"offY":0,"sourceW":17,"sourceH":22},
"reduce_blood":{"x":1,"y":246,"w":17,"h":8,"offX":0,"offY":0,"sourceW":17,"sourceH":8},
"res_0":{"x":171,"y":135,"w":17,"h":22,"offX":0,"offY":0,"sourceW":17,"sourceH":22},
"res_1":{"x":242,"y":1,"w":13,"h":22,"offX":0,"offY":0,"sourceW":13,"sourceH":22},
"res_2":{"x":93,"y":175,"w":17,"h":22,"offX":0,"offY":0,"sourceW":17,"sourceH":22},
"res_3":{"x":114,"y":140,"w":17,"h":22,"offX":0,"offY":0,"sourceW":17,"sourceH":22},
"res_4":{"x":139,"y":56,"w":18,"h":22,"offX":0,"offY":0,"sourceW":18,"sourceH":22},
"res_5":{"x":150,"y":111,"w":17,"h":22,"offX":0,"offY":0,"sourceW":17,"sourceH":22},
"res_6":{"x":169,"y":111,"w":17,"h":22,"offX":0,"offY":0,"sourceW":17,"sourceH":22},
"res_7":{"x":185,"y":183,"w":16,"h":22,"offX":0,"offY":0,"sourceW":16,"sourceH":22},
"res_8":{"x":204,"y":1,"w":17,"h":22,"offX":0,"offY":0,"sourceW":17,"sourceH":22},
"res_9":{"x":185,"y":1,"w":17,"h":22,"offX":0,"offY":0,"sourceW":17,"sourceH":22},
"resurrection_0":{"x":1,"y":106,"w":25,"h":33,"offX":0,"offY":0,"sourceW":25,"sourceH":33},
"resurrection_1":{"x":29,"y":36,"w":19,"h":33,"offX":0,"offY":0,"sourceW":19,"sourceH":33},
"resurrection_2":{"x":1,"y":176,"w":25,"h":33,"offX":0,"offY":0,"sourceW":25,"sourceH":33},
"resurrection_3":{"x":28,"y":106,"w":25,"h":33,"offX":0,"offY":0,"sourceW":25,"sourceH":33},
"resurrection_4":{"x":29,"y":1,"w":25,"h":33,"offX":0,"offY":0,"sourceW":25,"sourceH":33},
"resurrection_5":{"x":1,"y":211,"w":25,"h":33,"offX":0,"offY":0,"sourceW":25,"sourceH":33},
"resurrection_6":{"x":1,"y":141,"w":25,"h":33,"offX":0,"offY":0,"sourceW":25,"sourceH":33},
"resurrection_7":{"x":1,"y":1,"w":26,"h":33,"offX":0,"offY":0,"sourceW":26,"sourceH":33},
"resurrection_8":{"x":1,"y":36,"w":26,"h":33,"offX":0,"offY":0,"sourceW":26,"sourceH":33},
"resurrection_9":{"x":1,"y":71,"w":26,"h":33,"offX":0,"offY":0,"sourceW":26,"sourceH":33},
"sp_0":{"x":205,"y":145,"w":11,"h":16,"offX":0,"offY":0,"sourceW":11,"sourceH":16},
"sp_1":{"x":218,"y":174,"w":9,"h":15,"offX":0,"offY":0,"sourceW":9,"sourceH":15},
"sp_2":{"x":205,"y":163,"w":11,"h":16,"offX":0,"offY":0,"sourceW":11,"sourceH":16},
"sp_3":{"x":207,"y":104,"w":11,"h":16,"offX":0,"offY":0,"sourceW":11,"sourceH":16},
"sp_4":{"x":55,"y":121,"w":13,"h":15,"offX":0,"offY":0,"sourceW":13,"sourceH":15},
"sp_5":{"x":215,"y":73,"w":11,"h":16,"offX":0,"offY":0,"sourceW":11,"sourceH":16},
"sp_6":{"x":244,"y":73,"w":11,"h":16,"offX":0,"offY":0,"sourceW":11,"sourceH":16},
"sp_7":{"x":218,"y":122,"w":11,"h":16,"offX":0,"offY":0,"sourceW":11,"sourceH":16},
"sp_8":{"x":231,"y":73,"w":11,"h":16,"offX":0,"offY":0,"sourceW":11,"sourceH":16},
"sp_9":{"x":220,"y":91,"w":11,"h":16,"offX":0,"offY":0,"sourceW":11,"sourceH":16},
"sp_gang":{"x":245,"y":49,"w":10,"h":17,"offX":0,"offY":0,"sourceW":10,"sourceH":17},
"time_res_0":{"x":131,"y":111,"w":17,"h":22,"offX":0,"offY":0,"sourceW":17,"sourceH":22},
"time_res_1":{"x":193,"y":207,"w":13,"h":22,"offX":0,"offY":0,"sourceW":13,"sourceH":22},
"time_res_2":{"x":197,"y":25,"w":17,"h":22,"offX":0,"offY":0,"sourceW":17,"sourceH":22},
"time_res_3":{"x":188,"y":104,"w":17,"h":22,"offX":0,"offY":0,"sourceW":17,"sourceH":22},
"time_res_4":{"x":150,"y":159,"w":17,"h":22,"offX":0,"offY":0,"sourceW":17,"sourceH":22},
"time_res_5":{"x":216,"y":25,"w":17,"h":22,"offX":0,"offY":0,"sourceW":17,"sourceH":22},
"time_res_6":{"x":133,"y":135,"w":17,"h":22,"offX":0,"offY":0,"sourceW":17,"sourceH":22},
"time_res_7":{"x":120,"y":57,"w":17,"h":22,"offX":0,"offY":0,"sourceW":17,"sourceH":22},
"time_res_8":{"x":196,"y":80,"w":17,"h":22,"offX":0,"offY":0,"sourceW":17,"sourceH":22},
"time_res_9":{"x":169,"y":159,"w":17,"h":22,"offX":0,"offY":0,"sourceW":17,"sourceH":22},
"time_res_maohao":{"x":231,"y":160,"w":9,"h":16,"offX":0,"offY":0,"sourceW":9,"sourceH":16},
"tm_0":{"x":73,"y":30,"w":20,"h":27,"offX":0,"offY":0,"sourceW":20,"sourceH":27},
"tm_1":{"x":139,"y":28,"w":16,"h":26,"offX":0,"offY":0,"sourceW":16,"sourceH":26},
"tm_2":{"x":50,"y":36,"w":21,"h":27,"offX":0,"offY":0,"sourceW":21,"sourceH":27},
"tm_3":{"x":79,"y":1,"w":20,"h":27,"offX":0,"offY":0,"sourceW":20,"sourceH":27},
"tm_4":{"x":29,"y":71,"w":22,"h":26,"offX":0,"offY":0,"sourceW":22,"sourceH":26},
"tm_5":{"x":28,"y":141,"w":20,"h":26,"offX":0,"offY":0,"sourceW":20,"sourceH":26},
"tm_6":{"x":101,"y":1,"w":20,"h":27,"offX":0,"offY":0,"sourceW":20,"sourceH":27},
"tm_7":{"x":72,"y":148,"w":19,"h":26,"offX":0,"offY":0,"sourceW":19,"sourceH":26},
"tm_8":{"x":56,"y":1,"w":21,"h":27,"offX":0,"offY":0,"sourceW":21,"sourceH":27},
"tm_9":{"x":53,"y":65,"w":21,"h":27,"offX":0,"offY":0,"sourceW":21,"sourceH":27}}}