{"file":"texture01.png","frames":{
"gold_bg":{"x":225,"y":346,"w":155,"h":45,"offX":0,"offY":0,"sourceW":155,"sourceH":45},
"chest_bg":{"x":382,"y":346,"w":122,"h":43,"offX":0,"offY":0,"sourceW":122,"sourceH":43},
"chest_small":{"x":452,"y":236,"w":50,"h":44,"offX":0,"offY":0,"sourceW":50,"sourceH":44},
"close_voice_ttf":{"x":225,"y":294,"w":108,"h":31,"offX":0,"offY":0,"sourceW":108,"sourceH":31},
"enemy_base_blood":{"x":1,"y":410,"w":155,"h":11,"offX":0,"offY":0,"sourceW":155,"sourceH":11},
"enemy_base_blood_bg":{"x":131,"y":393,"w":159,"h":15,"offX":0,"offY":0,"sourceW":159,"sourceH":15},
"enemy_base_blood_high":{"x":158,"y":410,"w":155,"h":11,"offX":0,"offY":0,"sourceW":155,"sourceH":11},
"enemy_blood":{"x":131,"y":379,"w":68,"h":7,"offX":0,"offY":0,"sourceW":68,"sourceH":7},
"enemy_blood_bg":{"x":225,"y":327,"w":70,"h":9,"offX":0,"offY":0,"sourceW":70,"sourceH":9},
"enemy_blood_high":{"x":131,"y":370,"w":68,"h":7,"offX":0,"offY":0,"sourceW":68,"sourceH":7},
"enemy_footman":{"x":489,"y":31,"w":11,"h":8,"offX":0,"offY":0,"sourceW":11,"sourceH":8},
"enemy_hero_flag":{"x":472,"y":31,"w":15,"h":21,"offX":0,"offY":0,"sourceW":15,"sourceH":21},
"enemy_kill_bg_right":{"x":1,"y":372,"w":128,"h":20,"offX":0,"offY":0,"sourceW":128,"sourceH":20},
"exit_btn_off":{"x":177,"y":1,"w":174,"h":145,"offX":0,"offY":0,"sourceW":174,"sourceH":145},
"exit_btn_on":{"x":1,"y":1,"w":174,"h":145,"offX":0,"offY":0,"sourceW":174,"sourceH":145},
"exit_game_ttf":{"x":225,"y":261,"w":109,"h":31,"offX":0,"offY":0,"sourceW":109,"sourceH":31},
"fuhuo_icon":{"x":382,"y":391,"w":89,"h":24,"offX":0,"offY":0,"sourceW":89,"sourceH":24},
"gold":{"x":472,"y":1,"w":30,"h":28,"offX":0,"offY":0,"sourceW":30,"sourceH":28},
"hero_bg":{"x":353,"y":123,"w":111,"h":111,"offX":0,"offY":0,"sourceW":111,"sourceH":111},
"hero_icon_mc":{"x":353,"y":1,"w":117,"h":120,"offX":0,"offY":0,"sourceW":117,"sourceH":120},
"hero_icon_mc_main":{"x":1,"y":261,"w":109,"h":109,"offX":0,"offY":0,"sourceW":109,"sourceH":109},
"head_icon3001":{"x":112,"y":261,"w":111,"h":107,"offX":0,"offY":0,"sourceW":111,"sourceH":107},
"head_icon3002":{"x":227,"y":148,"w":110,"h":111,"offX":0,"offY":0,"sourceW":110,"sourceH":111},
"head_icon3003":{"x":1,"y":148,"w":111,"h":111,"offX":0,"offY":0,"sourceW":111,"sourceH":111},
"head_icon3004":{"x":339,"y":236,"w":111,"h":108,"offX":0,"offY":0,"sourceW":111,"sourceH":108},
"head_icon3005":{"x":114,"y":148,"w":111,"h":111,"offX":0,"offY":0,"sourceW":111,"sourceH":111}}}